folder	code	docx	xlsx	row	level	error	message	notes
Animal DNA viruses and Retroviruses (D) proposals	2022.002D	2022.002D.N.v1.Herpesvirales_9nsp.docx	2022.002D.N.v1.Herpesvirales_9nsp.xlsx	4	WARNING	CREATE.PARENT_LINEAGE	Change=CREATE, proposed parent taxon exists, but not with expected lineage, using observed lineage	XLSX ROW 4, proposedParentLinage=Duplodnaviria;Heunggongvirae;Peploviricota;Herviviricetes;Herpesvirales;Orthoherpesviridae;Alphaherpesvirinae;Iltovirus, observedParentLineage=Duplodnaviria;Heunggongvirae;Peploviricota;Herviviricetes;Herpesvirales;Herpesviridae;Alphaherpesvirinae;Iltovirus, otherProposals=NA
Animal DNA viruses and Retroviruses (D) proposals	2022.002D	2022.002D.N.v1.Herpesvirales_9nsp.docx	2022.002D.N.v1.Herpesvirales_9nsp.xlsx	5	WARNING	CREATE.PARENT_LINEAGE	Change=CREATE, proposed parent taxon exists, but not with expected lineage, using observed lineage	XLSX ROW 5, proposedParentLinage=Duplodnaviria;Heunggongvirae;Peploviricota;Herviviricetes;Herpesvirales;Orthoherpesviridae;Alphaherpesvirinae;Iltovirus, observedParentLineage=Duplodnaviria;Heunggongvirae;Peploviricota;Herviviricetes;Herpesvirales;Herpesviridae;Alphaherpesvirinae;Iltovirus, otherProposals=NA
Animal DNA viruses and Retroviruses (D) proposals	2022.002D	2022.002D.N.v1.Herpesvirales_9nsp.docx	2022.002D.N.v1.Herpesvirales_9nsp.xlsx	6	WARNING	CREATE.PARENT_LINEAGE	Change=CREATE, proposed parent taxon exists, but not with expected lineage, using observed lineage	XLSX ROW 6, proposedParentLinage=Duplodnaviria;Heunggongvirae;Peploviricota;Herviviricetes;Herpesvirales;Orthoherpesviridae;Alphaherpesvirinae;Simplexvirus, observedParentLineage=Duplodnaviria;Heunggongvirae;Peploviricota;Herviviricetes;Herpesvirales;Herpesviridae;Alphaherpesvirinae;Simplexvirus, otherProposals=NA
Animal DNA viruses and Retroviruses (D) proposals	2022.002D	2022.002D.N.v1.Herpesvirales_9nsp.docx	2022.002D.N.v1.Herpesvirales_9nsp.xlsx	7	WARNING	CREATE.PARENT_LINEAGE	Change=CREATE, proposed parent taxon exists, but not with expected lineage, using observed lineage	XLSX ROW 7, proposedParentLinage=Duplodnaviria;Heunggongvirae;Peploviricota;Herviviricetes;Herpesvirales;Orthoherpesviridae;Alphaherpesvirinae;Simplexvirus, observedParentLineage=Duplodnaviria;Heunggongvirae;Peploviricota;Herviviricetes;Herpesvirales;Herpesviridae;Alphaherpesvirinae;Simplexvirus, otherProposals=NA
Animal DNA viruses and Retroviruses (D) proposals	2022.002D	2022.002D.N.v1.Herpesvirales_9nsp.docx	2022.002D.N.v1.Herpesvirales_9nsp.xlsx	8	WARNING	CREATE.PARENT_LINEAGE	Change=CREATE, proposed parent taxon exists, but not with expected lineage, using observed lineage	XLSX ROW 8, proposedParentLinage=Duplodnaviria;Heunggongvirae;Peploviricota;Herviviricetes;Herpesvirales;Orthoherpesviridae;Alphaherpesvirinae;Varicellovirus, observedParentLineage=Duplodnaviria;Heunggongvirae;Peploviricota;Herviviricetes;Herpesvirales;Herpesviridae;Alphaherpesvirinae;Varicellovirus, otherProposals=NA
Animal DNA viruses and Retroviruses (D) proposals	2022.002D	2022.002D.N.v1.Herpesvirales_9nsp.docx	2022.002D.N.v1.Herpesvirales_9nsp.xlsx	9	WARNING	CREATE.PARENT_LINEAGE	Change=CREATE, proposed parent taxon exists, but not with expected lineage, using observed lineage	XLSX ROW 9, proposedParentLinage=Duplodnaviria;Heunggongvirae;Peploviricota;Herviviricetes;Herpesvirales;Orthoherpesviridae;Betaherpesvirinae;Proboscivirus, observedParentLineage=Duplodnaviria;Heunggongvirae;Peploviricota;Herviviricetes;Herpesvirales;Herpesviridae;Betaherpesvirinae;Proboscivirus, otherProposals=NA
Animal DNA viruses and Retroviruses (D) proposals	2022.002D	2022.002D.N.v1.Herpesvirales_9nsp.docx	2022.002D.N.v1.Herpesvirales_9nsp.xlsx	10	WARNING	CREATE.PARENT_LINEAGE	Change=CREATE, proposed parent taxon exists, but not with expected lineage, using observed lineage	XLSX ROW 10, proposedParentLinage=Duplodnaviria;Heunggongvirae;Peploviricota;Herviviricetes;Herpesvirales;Orthoherpesviridae;Gammaherpesvirinae;Lymphocryptovirus, observedParentLineage=Duplodnaviria;Heunggongvirae;Peploviricota;Herviviricetes;Herpesvirales;Herpesviridae;Gammaherpesvirinae;Lymphocryptovirus, otherProposals=NA
Animal DNA viruses and Retroviruses (D) proposals	2022.002D	2022.002D.N.v1.Herpesvirales_9nsp.docx	2022.002D.N.v1.Herpesvirales_9nsp.xlsx	11	WARNING	CREATE.PARENT_LINEAGE	Change=CREATE, proposed parent taxon exists, but not with expected lineage, using observed lineage	XLSX ROW 11, proposedParentLinage=Duplodnaviria;Heunggongvirae;Peploviricota;Herviviricetes;Herpesvirales;Orthoherpesviridae;Gammaherpesvirinae;Percavirus, observedParentLineage=Duplodnaviria;Heunggongvirae;Peploviricota;Herviviricetes;Herpesvirales;Herpesviridae;Gammaherpesvirinae;Percavirus, otherProposals=NA
Animal DNA viruses and Retroviruses (D) proposals	2022.002D	2022.002D.N.v1.Herpesvirales_9nsp.docx	2022.002D.N.v1.Herpesvirales_9nsp.xlsx	12	WARNING	CREATE.PARENT_LINEAGE	Change=CREATE, proposed parent taxon exists, but not with expected lineage, using observed lineage	XLSX ROW 12, proposedParentLinage=Duplodnaviria;Heunggongvirae;Peploviricota;Herviviricetes;Herpesvirales;Orthoherpesviridae;Gammaherpesvirinae;Rhadinovirus, observedParentLineage=Duplodnaviria;Heunggongvirae;Peploviricota;Herviviricetes;Herpesvirales;Herpesviridae;Gammaherpesvirinae;Rhadinovirus, otherProposals=NA
Animal DNA viruses and Retroviruses (D) proposals	2022.003D	2022.003D.N.v1.Lefavirales_106rensp.docx	2022.003D.N.v1.Lefavirales_106rensp.xlsx	52	ERROR	RENAME.NO_EXIST	Change=RENAME, but taxon does not exist	XLSX ROW 52, taxon=Alphabaculovirus speridana-b, lineage=Naldaviricetes;Lefavirales;Baculoviridae;Alphabaculovirus;Alphabaculovirus speridana-b, proposedTaxon=Alphabaculovirus speridanae-b
Animal DNA viruses and Retroviruses (D) proposals	2022.003D	2022.003D.N.v1.Lefavirales_106rensp.docx	2022.003D.N.v1.Lefavirales_106rensp.xlsx	84	ERROR	DEST.IN_CUR	Change=RENAME, but 'proposed taxonomy' already exists	XLSX ROW 84, proposedTaxonomy=Betabaculovirus maphaseoli; existingTaxon=MSL37:2020
Animal DNA viruses and Retroviruses (D) proposals	2022.003D	2022.003D.N.v1.Lefavirales_106rensp.docx	2022.003D.N.v1.Lefavirales_106rensp.xlsx	106	ERROR	RENAME.NO_EXIST	Change=RENAME, but taxon does not exist	XLSX ROW 106, taxon=Gammanudivirus camaenae, lineage=Naldaviricetes;Lefavirales;Nudiviridae;Gammanudivirus;Gammanudivirus camaenae, proposedTaxon=Gammanudivirus cameanadis
Animal DNA viruses and Retroviruses (D) proposals	2022.005D	2022.005D.N.v1.Parvoviridae_2ngen_49nsp_125rensp.docx	2022.005D.N.v1.Parvoviridae_2ngen_49nsp_125rensp.xlsx	103	ERROR	CREATE.PARENT_NO_EXIST	Change=CREATE, but parent rank taxon does not exist	XLSX ROW 103, parentTaxon=Zanderparvovirus, proposedTaxonomy=Monodnaviria;Shotokuvirae;Cossaviricota;Quintoviricetes;Piccovirales;Parvoviridae;Parvovirinae;Zanderparvovirus;Sandeparvovirus perciform1
Animal DNA viruses and Retroviruses (D) proposals	2022.005D	2022.005D.N.v1.Parvoviridae_2ngen_49nsp_125rensp.docx	2022.005D.N.v1.Parvoviridae_2ngen_49nsp_125rensp.xlsx	104	ERROR	RENAME.NO_EXIST	Change=RENAME, but taxon does not exist	XLSX ROW 104, taxon=Decapod aquambidensovirus1, lineage=Monodnaviria;Shotokuvirae;Cossaviricota;Quintoviricetes;Piccovirales;Parvoviridae;Densovirinae;Aquambidensovirus;Decapod aquambidensovirus1, proposedTaxon=Aquambidensovirus decapod1
Animal DNA viruses and Retroviruses (D) proposals	2022.005D	2022.005D.N.v1.Parvoviridae_2ngen_49nsp_125rensp.docx	2022.005D.N.v1.Parvoviridae_2ngen_49nsp_125rensp.xlsx	105	ERROR	RENAME.NO_EXIST	Change=RENAME, but taxon does not exist	XLSX ROW 105, taxon=Asteroid aquambidensovirus1, lineage=Monodnaviria;Shotokuvirae;Cossaviricota;Quintoviricetes;Piccovirales;Parvoviridae;Densovirinae;Aquambidensovirus;Asteroid aquambidensovirus1, proposedTaxon=Aquambidensovirus asteroid1
Animal DNA viruses and Retroviruses (D) proposals	2022.005D	2022.005D.N.v1.Parvoviridae_2ngen_49nsp_125rensp.docx	2022.005D.N.v1.Parvoviridae_2ngen_49nsp_125rensp.xlsx	108	ERROR	RENAME.NO_EXIST	Change=RENAME, but taxon does not exist	XLSX ROW 108, taxon=Blattodean blattambidensovirus1, lineage=Monodnaviria;Shotokuvirae;Cossaviricota;Quintoviricetes;Piccovirales;Parvoviridae;Densovirinae;Blattambidensovirus;Blattodean blattambidensovirus1, proposedTaxon=Blattambidensovirus blattodean1
Animal DNA viruses and Retroviruses (D) proposals	2022.005D	2022.005D.N.v1.Parvoviridae_2ngen_49nsp_125rensp.docx	2022.005D.N.v1.Parvoviridae_2ngen_49nsp_125rensp.xlsx	113	ERROR	RENAME.NO_EXIST	Change=RENAME, but taxon does not exist	XLSX ROW 113, taxon=Hemipteran diciambidensovirus1, lineage=Monodnaviria;Shotokuvirae;Cossaviricota;Quintoviricetes;Piccovirales;Parvoviridae;Densovirinae;Diciambidensovirus;Hemipteran diciambidensovirus1, proposedTaxon=Diciambidensovirus hemipteran1
Animal DNA viruses and Retroviruses (D) proposals	2022.005D	2022.005D.N.v1.Parvoviridae_2ngen_49nsp_125rensp.docx	2022.005D.N.v1.Parvoviridae_2ngen_49nsp_125rensp.xlsx	116	ERROR	RENAME.NO_EXIST	Change=RENAME, but taxon does not exist	XLSX ROW 116, taxon=Hemipteran hemiambidensovirus1, lineage=Monodnaviria;Shotokuvirae;Cossaviricota;Quintoviricetes;Piccovirales;Parvoviridae;Densovirinae;Hemiambidensovirus;Hemipteran hemiambidensovirus1, proposedTaxon=Hemiambidensovirus hemipteran1
Animal DNA viruses and Retroviruses (D) proposals	2022.005D	2022.005D.N.v1.Parvoviridae_2ngen_49nsp_125rensp.docx	2022.005D.N.v1.Parvoviridae_2ngen_49nsp_125rensp.xlsx	117	ERROR	RENAME.NO_EXIST	Change=RENAME, but taxon does not exist	XLSX ROW 117, taxon=Hemipteran hemiambidensovirus2, lineage=Monodnaviria;Shotokuvirae;Cossaviricota;Quintoviricetes;Piccovirales;Parvoviridae;Densovirinae;Hemiambidensovirus;Hemipteran hemiambidensovirus2, proposedTaxon=Hemiambidensovirus hemipteran2
Animal DNA viruses and Retroviruses (D) proposals	2022.005D	2022.005D.N.v1.Parvoviridae_2ngen_49nsp_125rensp.docx	2022.005D.N.v1.Parvoviridae_2ngen_49nsp_125rensp.xlsx	126	ERROR	CREATE.W_SRC	Change=CREATE, but 'current taxonomy' columns are  not empty	XLSX ROW 126, currentTaxonomy=Monodnaviria;Shotokuvirae;Cossaviricota;Quintoviricetes
Animal DNA viruses and Retroviruses (D) proposals	2022.005D	2022.005D.N.v1.Parvoviridae_2ngen_49nsp_125rensp.docx	2022.005D.N.v1.Parvoviridae_2ngen_49nsp_125rensp.xlsx	132	ERROR	RENAME.NO_EXIST	Change=RENAME, but taxon does not exist	XLSX ROW 132, taxon=Orthopteran scindoambidensovirus1, lineage=Monodnaviria;Shotokuvirae;Cossaviricota;Quintoviricetes;Piccovirales;Parvoviridae;Densovirinae;Scindoambidensovirus;Orthopteran scindoambidensovirus1, proposedTaxon=Scindoambidensovirus orthopteran1
Animal DNA viruses and Retroviruses (D) proposals	2022.005D	2022.005D.N.v1.Parvoviridae_2ngen_49nsp_125rensp.docx	2022.005D.N.v1.Parvoviridae_2ngen_49nsp_125rensp.xlsx	137	ERROR	RENAME.NO_EXIST	Change=RENAME, but taxon does not exist	XLSX ROW 137, taxon=Trombidiform tetuambidensovirus 1, lineage=Monodnaviria;Shotokuvirae;Cossaviricota;Quintoviricetes;Piccovirales;Parvoviridae;Densovirinae;Tetuambidensovirus;Trombidiform tetuambidensovirus 1, proposedTaxon=Tetuambidensovirus trombidiform1
Animal DNA viruses and Retroviruses (D) proposals	2022.005D	2022.005D.N.v1.Parvoviridae_2ngen_49nsp_125rensp.docx	2022.005D.N.v1.Parvoviridae_2ngen_49nsp_125rensp.xlsx	142	ERROR	RENAME.NO_EXIST	Change=RENAME, but taxon does not exist	XLSX ROW 142, taxon=Dipteran brevidensovirus 1, lineage=Monodnaviria;Shotokuvirae;Cossaviricota;Quintoviricetes;Piccovirales;Parvoviridae;Hamaparvovirinae;Brevihamaparvovirus;Dipteran brevidensovirus 1, proposedTaxon=Brevihamaparvovirus dipteran1
Animal DNA viruses and Retroviruses (D) proposals	2022.005D	2022.005D.N.v1.Parvoviridae_2ngen_49nsp_125rensp.docx	2022.005D.N.v1.Parvoviridae_2ngen_49nsp_125rensp.xlsx	143	ERROR	RENAME.NO_EXIST	Change=RENAME, but taxon does not exist	XLSX ROW 143, taxon=Dipteran brevidensovirus 2, lineage=Monodnaviria;Shotokuvirae;Cossaviricota;Quintoviricetes;Piccovirales;Parvoviridae;Hamaparvovirinae;Brevihamaparvovirus;Dipteran brevidensovirus 2, proposedTaxon=Brevihamaparvovirus dipteran2
Animal DNA viruses and Retroviruses (D) proposals	2022.005D	2022.005D.N.v1.Parvoviridae_2ngen_49nsp_125rensp.docx	2022.005D.N.v1.Parvoviridae_2ngen_49nsp_125rensp.xlsx	175	ERROR	RENAME.NO_EXIST	Change=RENAME, but taxon does not exist	XLSX ROW 175, taxon=Syngnathid ichtchaphamaparvovirus 1, lineage=Monodnaviria;Shotokuvirae;Cossaviricota;Quintoviricetes;Piccovirales;Parvoviridae;Hamaparvovirinae;Ichtchaphamaparvovirus;Syngnathid ichtchaphamaparvovirus 1, proposedTaxon=Ichtchaphamaparvovirus syngnathid1
Animal DNA viruses and Retroviruses (D) proposals	2022.006D	2022.006D.N.v1.Parvoviridae_2nsp.docx	2022.006D.N.v1.Parvoviridae_2nsp.xlsx	4	ERROR	CREATE.W_SRC	Change=CREATE, but 'current taxonomy' columns are  not empty	XLSX ROW 4, currentTaxonomy=Monodnaviria;Shotokuvirae;Cossaviricota;Quintoviricetes;Piccovirales;Parvoviridae;Chaphamaparvovirus
Animal DNA viruses and Retroviruses (D) proposals	2022.006D	2022.006D.N.v1.Parvoviridae_2nsp.docx	2022.006D.N.v1.Parvoviridae_2nsp.xlsx	5	ERROR	CREATE.W_SRC	Change=CREATE, but 'current taxonomy' columns are  not empty	XLSX ROW 5, currentTaxonomy=Monodnaviria;Shotokuvirae;Cossaviricota;Quintoviricetes;Piccovirales;Parvoviridae;Dependoparvovirus
Animal DNA viruses and Retroviruses (D) proposals	2022.008D	2022.008D.N.v1.Anelloviridae_146rensp.docx	2022.008D.N.v1.Anelloviridae_146rensp.xlsx	70	ERROR	RENAME.NO_EXIST	Change=RENAME, but taxon does not exist	XLSX ROW 70, taxon=Torque teno indri virus 1, lineage=Anelloviridae;Chitorquevirus;Torque teno indri virus 1, proposedTaxon=Chitorquevirus indri1
Animal DNA viruses and Retroviruses (D) proposals	2022.009D	2022.009D.N.v1.Circoviridae_rensp101_nsp48.docx	2022.009D.N.v1.Circoviridae_rensp101_nsp48.xlsx	105	ERROR	CREATE.W_SRC	Change=CREATE, but 'current taxonomy' columns are  not empty	XLSX ROW 105, currentTaxonomy=Monodnaviria;Shotokuvirae;Cressdnaviricota;Arfiviricetes;Cirlivirales;Circoviridae;Circovirus
Animal DNA viruses and Retroviruses (D) proposals	2022.009D	2022.009D.N.v1.Circoviridae_rensp101_nsp48.docx	2022.009D.N.v1.Circoviridae_rensp101_nsp48.xlsx	106	ERROR	CREATE.W_SRC	Change=CREATE, but 'current taxonomy' columns are  not empty	XLSX ROW 106, currentTaxonomy=Monodnaviria;Shotokuvirae;Cressdnaviricota;Arfiviricetes;Cirlivirales;Circoviridae;Circovirus
Animal DNA viruses and Retroviruses (D) proposals	2022.009D	2022.009D.N.v1.Circoviridae_rensp101_nsp48.docx	2022.009D.N.v1.Circoviridae_rensp101_nsp48.xlsx	107	ERROR	CREATE.W_SRC	Change=CREATE, but 'current taxonomy' columns are  not empty	XLSX ROW 107, currentTaxonomy=Monodnaviria;Shotokuvirae;Cressdnaviricota;Arfiviricetes;Cirlivirales;Circoviridae;Circovirus
Animal DNA viruses and Retroviruses (D) proposals	2022.009D	2022.009D.N.v1.Circoviridae_rensp101_nsp48.docx	2022.009D.N.v1.Circoviridae_rensp101_nsp48.xlsx	108	ERROR	CREATE.W_SRC	Change=CREATE, but 'current taxonomy' columns are  not empty	XLSX ROW 108, currentTaxonomy=Monodnaviria;Shotokuvirae;Cressdnaviricota;Arfiviricetes;Cirlivirales;Circoviridae;Circovirus
Animal DNA viruses and Retroviruses (D) proposals	2022.009D	2022.009D.N.v1.Circoviridae_rensp101_nsp48.docx	2022.009D.N.v1.Circoviridae_rensp101_nsp48.xlsx	109	ERROR	CREATE.W_SRC	Change=CREATE, but 'current taxonomy' columns are  not empty	XLSX ROW 109, currentTaxonomy=Monodnaviria;Shotokuvirae;Cressdnaviricota;Arfiviricetes;Cirlivirales;Circoviridae;Circovirus
Animal DNA viruses and Retroviruses (D) proposals	2022.009D	2022.009D.N.v1.Circoviridae_rensp101_nsp48.docx	2022.009D.N.v1.Circoviridae_rensp101_nsp48.xlsx	110	ERROR	CREATE.W_SRC	Change=CREATE, but 'current taxonomy' columns are  not empty	XLSX ROW 110, currentTaxonomy=Monodnaviria;Shotokuvirae;Cressdnaviricota;Arfiviricetes;Cirlivirales;Circoviridae;Circovirus
Animal DNA viruses and Retroviruses (D) proposals	2022.009D	2022.009D.N.v1.Circoviridae_rensp101_nsp48.docx	2022.009D.N.v1.Circoviridae_rensp101_nsp48.xlsx	111	ERROR	CREATE.W_SRC	Change=CREATE, but 'current taxonomy' columns are  not empty	XLSX ROW 111, currentTaxonomy=Monodnaviria;Shotokuvirae;Cressdnaviricota;Arfiviricetes;Cirlivirales;Circoviridae;Circovirus
Animal DNA viruses and Retroviruses (D) proposals	2022.009D	2022.009D.N.v1.Circoviridae_rensp101_nsp48.docx	2022.009D.N.v1.Circoviridae_rensp101_nsp48.xlsx	112	ERROR	CREATE.W_SRC	Change=CREATE, but 'current taxonomy' columns are  not empty	XLSX ROW 112, currentTaxonomy=Monodnaviria;Shotokuvirae;Cressdnaviricota;Arfiviricetes;Cirlivirales;Circoviridae;Circovirus
Animal DNA viruses and Retroviruses (D) proposals	2022.009D	2022.009D.N.v1.Circoviridae_rensp101_nsp48.docx	2022.009D.N.v1.Circoviridae_rensp101_nsp48.xlsx	113	ERROR	CREATE.W_SRC	Change=CREATE, but 'current taxonomy' columns are  not empty	XLSX ROW 113, currentTaxonomy=Monodnaviria;Shotokuvirae;Cressdnaviricota;Arfiviricetes;Cirlivirales;Circoviridae;Circovirus
Animal DNA viruses and Retroviruses (D) proposals	2022.009D	2022.009D.N.v1.Circoviridae_rensp101_nsp48.docx	2022.009D.N.v1.Circoviridae_rensp101_nsp48.xlsx	114	ERROR	CREATE.W_SRC	Change=CREATE, but 'current taxonomy' columns are  not empty	XLSX ROW 114, currentTaxonomy=Monodnaviria;Shotokuvirae;Cressdnaviricota;Arfiviricetes;Cirlivirales;Circoviridae;Circovirus
Animal DNA viruses and Retroviruses (D) proposals	2022.009D	2022.009D.N.v1.Circoviridae_rensp101_nsp48.docx	2022.009D.N.v1.Circoviridae_rensp101_nsp48.xlsx	115	ERROR	CREATE.W_SRC	Change=CREATE, but 'current taxonomy' columns are  not empty	XLSX ROW 115, currentTaxonomy=Monodnaviria;Shotokuvirae;Cressdnaviricota;Arfiviricetes;Cirlivirales;Circoviridae;Circovirus
Animal DNA viruses and Retroviruses (D) proposals	2022.009D	2022.009D.N.v1.Circoviridae_rensp101_nsp48.docx	2022.009D.N.v1.Circoviridae_rensp101_nsp48.xlsx	116	ERROR	CREATE.W_SRC	Change=CREATE, but 'current taxonomy' columns are  not empty	XLSX ROW 116, currentTaxonomy=Monodnaviria;Shotokuvirae;Cressdnaviricota;Arfiviricetes;Cirlivirales;Circoviridae;Cyclovirus
Animal DNA viruses and Retroviruses (D) proposals	2022.009D	2022.009D.N.v1.Circoviridae_rensp101_nsp48.docx	2022.009D.N.v1.Circoviridae_rensp101_nsp48.xlsx	117	ERROR	CREATE.W_SRC	Change=CREATE, but 'current taxonomy' columns are  not empty	XLSX ROW 117, currentTaxonomy=Monodnaviria;Shotokuvirae;Cressdnaviricota;Arfiviricetes;Cirlivirales;Circoviridae;Cyclovirus
Animal DNA viruses and Retroviruses (D) proposals	2022.009D	2022.009D.N.v1.Circoviridae_rensp101_nsp48.docx	2022.009D.N.v1.Circoviridae_rensp101_nsp48.xlsx	118	ERROR	CREATE.W_SRC	Change=CREATE, but 'current taxonomy' columns are  not empty	XLSX ROW 118, currentTaxonomy=Monodnaviria;Shotokuvirae;Cressdnaviricota;Arfiviricetes;Cirlivirales;Circoviridae;Cyclovirus
Animal DNA viruses and Retroviruses (D) proposals	2022.009D	2022.009D.N.v1.Circoviridae_rensp101_nsp48.docx	2022.009D.N.v1.Circoviridae_rensp101_nsp48.xlsx	119	ERROR	CREATE.W_SRC	Change=CREATE, but 'current taxonomy' columns are  not empty	XLSX ROW 119, currentTaxonomy=Monodnaviria;Shotokuvirae;Cressdnaviricota;Arfiviricetes;Cirlivirales;Circoviridae;Cyclovirus
Animal DNA viruses and Retroviruses (D) proposals	2022.009D	2022.009D.N.v1.Circoviridae_rensp101_nsp48.docx	2022.009D.N.v1.Circoviridae_rensp101_nsp48.xlsx	120	ERROR	CREATE.W_SRC	Change=CREATE, but 'current taxonomy' columns are  not empty	XLSX ROW 120, currentTaxonomy=Monodnaviria;Shotokuvirae;Cressdnaviricota;Arfiviricetes;Cirlivirales;Circoviridae;Cyclovirus
Animal DNA viruses and Retroviruses (D) proposals	2022.009D	2022.009D.N.v1.Circoviridae_rensp101_nsp48.docx	2022.009D.N.v1.Circoviridae_rensp101_nsp48.xlsx	121	ERROR	CREATE.W_SRC	Change=CREATE, but 'current taxonomy' columns are  not empty	XLSX ROW 121, currentTaxonomy=Monodnaviria;Shotokuvirae;Cressdnaviricota;Arfiviricetes;Cirlivirales;Circoviridae;Cyclovirus
Animal DNA viruses and Retroviruses (D) proposals	2022.009D	2022.009D.N.v1.Circoviridae_rensp101_nsp48.docx	2022.009D.N.v1.Circoviridae_rensp101_nsp48.xlsx	122	ERROR	CREATE.W_SRC	Change=CREATE, but 'current taxonomy' columns are  not empty	XLSX ROW 122, currentTaxonomy=Monodnaviria;Shotokuvirae;Cressdnaviricota;Arfiviricetes;Cirlivirales;Circoviridae;Cyclovirus
Animal DNA viruses and Retroviruses (D) proposals	2022.009D	2022.009D.N.v1.Circoviridae_rensp101_nsp48.docx	2022.009D.N.v1.Circoviridae_rensp101_nsp48.xlsx	123	ERROR	CREATE.W_SRC	Change=CREATE, but 'current taxonomy' columns are  not empty	XLSX ROW 123, currentTaxonomy=Monodnaviria;Shotokuvirae;Cressdnaviricota;Arfiviricetes;Cirlivirales;Circoviridae;Cyclovirus
Animal DNA viruses and Retroviruses (D) proposals	2022.009D	2022.009D.N.v1.Circoviridae_rensp101_nsp48.docx	2022.009D.N.v1.Circoviridae_rensp101_nsp48.xlsx	124	ERROR	CREATE.W_SRC	Change=CREATE, but 'current taxonomy' columns are  not empty	XLSX ROW 124, currentTaxonomy=Monodnaviria;Shotokuvirae;Cressdnaviricota;Arfiviricetes;Cirlivirales;Circoviridae;Cyclovirus
Animal DNA viruses and Retroviruses (D) proposals	2022.009D	2022.009D.N.v1.Circoviridae_rensp101_nsp48.docx	2022.009D.N.v1.Circoviridae_rensp101_nsp48.xlsx	125	ERROR	CREATE.W_SRC	Change=CREATE, but 'current taxonomy' columns are  not empty	XLSX ROW 125, currentTaxonomy=Monodnaviria;Shotokuvirae;Cressdnaviricota;Arfiviricetes;Cirlivirales;Circoviridae;Cyclovirus
Animal DNA viruses and Retroviruses (D) proposals	2022.009D	2022.009D.N.v1.Circoviridae_rensp101_nsp48.docx	2022.009D.N.v1.Circoviridae_rensp101_nsp48.xlsx	126	ERROR	CREATE.W_SRC	Change=CREATE, but 'current taxonomy' columns are  not empty	XLSX ROW 126, currentTaxonomy=Monodnaviria;Shotokuvirae;Cressdnaviricota;Arfiviricetes;Cirlivirales;Circoviridae;Cyclovirus
Animal DNA viruses and Retroviruses (D) proposals	2022.009D	2022.009D.N.v1.Circoviridae_rensp101_nsp48.docx	2022.009D.N.v1.Circoviridae_rensp101_nsp48.xlsx	127	ERROR	CREATE.W_SRC	Change=CREATE, but 'current taxonomy' columns are  not empty	XLSX ROW 127, currentTaxonomy=Monodnaviria;Shotokuvirae;Cressdnaviricota;Arfiviricetes;Cirlivirales;Circoviridae;Cyclovirus
Animal DNA viruses and Retroviruses (D) proposals	2022.009D	2022.009D.N.v1.Circoviridae_rensp101_nsp48.docx	2022.009D.N.v1.Circoviridae_rensp101_nsp48.xlsx	128	ERROR	CREATE.W_SRC	Change=CREATE, but 'current taxonomy' columns are  not empty	XLSX ROW 128, currentTaxonomy=Monodnaviria;Shotokuvirae;Cressdnaviricota;Arfiviricetes;Cirlivirales;Circoviridae;Cyclovirus
Animal DNA viruses and Retroviruses (D) proposals	2022.009D	2022.009D.N.v1.Circoviridae_rensp101_nsp48.docx	2022.009D.N.v1.Circoviridae_rensp101_nsp48.xlsx	129	ERROR	CREATE.W_SRC	Change=CREATE, but 'current taxonomy' columns are  not empty	XLSX ROW 129, currentTaxonomy=Monodnaviria;Shotokuvirae;Cressdnaviricota;Arfiviricetes;Cirlivirales;Circoviridae;Cyclovirus
Animal DNA viruses and Retroviruses (D) proposals	2022.009D	2022.009D.N.v1.Circoviridae_rensp101_nsp48.docx	2022.009D.N.v1.Circoviridae_rensp101_nsp48.xlsx	130	ERROR	CREATE.W_SRC	Change=CREATE, but 'current taxonomy' columns are  not empty	XLSX ROW 130, currentTaxonomy=Monodnaviria;Shotokuvirae;Cressdnaviricota;Arfiviricetes;Cirlivirales;Circoviridae;Cyclovirus
Animal DNA viruses and Retroviruses (D) proposals	2022.009D	2022.009D.N.v1.Circoviridae_rensp101_nsp48.docx	2022.009D.N.v1.Circoviridae_rensp101_nsp48.xlsx	131	ERROR	CREATE.W_SRC	Change=CREATE, but 'current taxonomy' columns are  not empty	XLSX ROW 131, currentTaxonomy=Monodnaviria;Shotokuvirae;Cressdnaviricota;Arfiviricetes;Cirlivirales;Circoviridae;Cyclovirus
Animal DNA viruses and Retroviruses (D) proposals	2022.009D	2022.009D.N.v1.Circoviridae_rensp101_nsp48.docx	2022.009D.N.v1.Circoviridae_rensp101_nsp48.xlsx	132	ERROR	CREATE.W_SRC	Change=CREATE, but 'current taxonomy' columns are  not empty	XLSX ROW 132, currentTaxonomy=Monodnaviria;Shotokuvirae;Cressdnaviricota;Arfiviricetes;Cirlivirales;Circoviridae;Cyclovirus
Animal DNA viruses and Retroviruses (D) proposals	2022.009D	2022.009D.N.v1.Circoviridae_rensp101_nsp48.docx	2022.009D.N.v1.Circoviridae_rensp101_nsp48.xlsx	133	ERROR	CREATE.W_SRC	Change=CREATE, but 'current taxonomy' columns are  not empty	XLSX ROW 133, currentTaxonomy=Monodnaviria;Shotokuvirae;Cressdnaviricota;Arfiviricetes;Cirlivirales;Circoviridae;Cyclovirus
Animal DNA viruses and Retroviruses (D) proposals	2022.009D	2022.009D.N.v1.Circoviridae_rensp101_nsp48.docx	2022.009D.N.v1.Circoviridae_rensp101_nsp48.xlsx	134	ERROR	CREATE.W_SRC	Change=CREATE, but 'current taxonomy' columns are  not empty	XLSX ROW 134, currentTaxonomy=Monodnaviria;Shotokuvirae;Cressdnaviricota;Arfiviricetes;Cirlivirales;Circoviridae;Cyclovirus
Animal DNA viruses and Retroviruses (D) proposals	2022.009D	2022.009D.N.v1.Circoviridae_rensp101_nsp48.docx	2022.009D.N.v1.Circoviridae_rensp101_nsp48.xlsx	135	ERROR	CREATE.W_SRC	Change=CREATE, but 'current taxonomy' columns are  not empty	XLSX ROW 135, currentTaxonomy=Monodnaviria;Shotokuvirae;Cressdnaviricota;Arfiviricetes;Cirlivirales;Circoviridae;Cyclovirus
Animal DNA viruses and Retroviruses (D) proposals	2022.009D	2022.009D.N.v1.Circoviridae_rensp101_nsp48.docx	2022.009D.N.v1.Circoviridae_rensp101_nsp48.xlsx	136	ERROR	CREATE.W_SRC	Change=CREATE, but 'current taxonomy' columns are  not empty	XLSX ROW 136, currentTaxonomy=Monodnaviria;Shotokuvirae;Cressdnaviricota;Arfiviricetes;Cirlivirales;Circoviridae;Cyclovirus
Animal DNA viruses and Retroviruses (D) proposals	2022.009D	2022.009D.N.v1.Circoviridae_rensp101_nsp48.docx	2022.009D.N.v1.Circoviridae_rensp101_nsp48.xlsx	137	ERROR	CREATE.W_SRC	Change=CREATE, but 'current taxonomy' columns are  not empty	XLSX ROW 137, currentTaxonomy=Monodnaviria;Shotokuvirae;Cressdnaviricota;Arfiviricetes;Cirlivirales;Circoviridae;Cyclovirus
Animal DNA viruses and Retroviruses (D) proposals	2022.009D	2022.009D.N.v1.Circoviridae_rensp101_nsp48.docx	2022.009D.N.v1.Circoviridae_rensp101_nsp48.xlsx	138	ERROR	CREATE.W_SRC	Change=CREATE, but 'current taxonomy' columns are  not empty	XLSX ROW 138, currentTaxonomy=Monodnaviria;Shotokuvirae;Cressdnaviricota;Arfiviricetes;Cirlivirales;Circoviridae;Cyclovirus
Animal DNA viruses and Retroviruses (D) proposals	2022.009D	2022.009D.N.v1.Circoviridae_rensp101_nsp48.docx	2022.009D.N.v1.Circoviridae_rensp101_nsp48.xlsx	139	ERROR	CREATE.W_SRC	Change=CREATE, but 'current taxonomy' columns are  not empty	XLSX ROW 139, currentTaxonomy=Monodnaviria;Shotokuvirae;Cressdnaviricota;Arfiviricetes;Cirlivirales;Circoviridae;Cyclovirus
Animal DNA viruses and Retroviruses (D) proposals	2022.009D	2022.009D.N.v1.Circoviridae_rensp101_nsp48.docx	2022.009D.N.v1.Circoviridae_rensp101_nsp48.xlsx	140	ERROR	CREATE.W_SRC	Change=CREATE, but 'current taxonomy' columns are  not empty	XLSX ROW 140, currentTaxonomy=Monodnaviria;Shotokuvirae;Cressdnaviricota;Arfiviricetes;Cirlivirales;Circoviridae;Cyclovirus
Animal DNA viruses and Retroviruses (D) proposals	2022.009D	2022.009D.N.v1.Circoviridae_rensp101_nsp48.docx	2022.009D.N.v1.Circoviridae_rensp101_nsp48.xlsx	141	ERROR	CREATE.W_SRC	Change=CREATE, but 'current taxonomy' columns are  not empty	XLSX ROW 141, currentTaxonomy=Monodnaviria;Shotokuvirae;Cressdnaviricota;Arfiviricetes;Cirlivirales;Circoviridae;Cyclovirus
Animal DNA viruses and Retroviruses (D) proposals	2022.009D	2022.009D.N.v1.Circoviridae_rensp101_nsp48.docx	2022.009D.N.v1.Circoviridae_rensp101_nsp48.xlsx	142	ERROR	CREATE.W_SRC	Change=CREATE, but 'current taxonomy' columns are  not empty	XLSX ROW 142, currentTaxonomy=Monodnaviria;Shotokuvirae;Cressdnaviricota;Arfiviricetes;Cirlivirales;Circoviridae;Cyclovirus
Animal DNA viruses and Retroviruses (D) proposals	2022.009D	2022.009D.N.v1.Circoviridae_rensp101_nsp48.docx	2022.009D.N.v1.Circoviridae_rensp101_nsp48.xlsx	143	ERROR	CREATE.W_SRC	Change=CREATE, but 'current taxonomy' columns are  not empty	XLSX ROW 143, currentTaxonomy=Monodnaviria;Shotokuvirae;Cressdnaviricota;Arfiviricetes;Cirlivirales;Circoviridae;Cyclovirus
Animal DNA viruses and Retroviruses (D) proposals	2022.009D	2022.009D.N.v1.Circoviridae_rensp101_nsp48.docx	2022.009D.N.v1.Circoviridae_rensp101_nsp48.xlsx	144	ERROR	CREATE.W_SRC	Change=CREATE, but 'current taxonomy' columns are  not empty	XLSX ROW 144, currentTaxonomy=Monodnaviria;Shotokuvirae;Cressdnaviricota;Arfiviricetes;Cirlivirales;Circoviridae;Cyclovirus
Animal DNA viruses and Retroviruses (D) proposals	2022.009D	2022.009D.N.v1.Circoviridae_rensp101_nsp48.docx	2022.009D.N.v1.Circoviridae_rensp101_nsp48.xlsx	145	ERROR	CREATE.W_SRC	Change=CREATE, but 'current taxonomy' columns are  not empty	XLSX ROW 145, currentTaxonomy=Monodnaviria;Shotokuvirae;Cressdnaviricota;Arfiviricetes;Cirlivirales;Circoviridae;Cyclovirus
Animal DNA viruses and Retroviruses (D) proposals	2022.009D	2022.009D.N.v1.Circoviridae_rensp101_nsp48.docx	2022.009D.N.v1.Circoviridae_rensp101_nsp48.xlsx	146	ERROR	CREATE.W_SRC	Change=CREATE, but 'current taxonomy' columns are  not empty	XLSX ROW 146, currentTaxonomy=Monodnaviria;Shotokuvirae;Cressdnaviricota;Arfiviricetes;Cirlivirales;Circoviridae;Cyclovirus
Animal DNA viruses and Retroviruses (D) proposals	2022.009D	2022.009D.N.v1.Circoviridae_rensp101_nsp48.docx	2022.009D.N.v1.Circoviridae_rensp101_nsp48.xlsx	147	ERROR	CREATE.W_SRC	Change=CREATE, but 'current taxonomy' columns are  not empty	XLSX ROW 147, currentTaxonomy=Monodnaviria;Shotokuvirae;Cressdnaviricota;Arfiviricetes;Cirlivirales;Circoviridae;Cyclovirus
Animal DNA viruses and Retroviruses (D) proposals	2022.009D	2022.009D.N.v1.Circoviridae_rensp101_nsp48.docx	2022.009D.N.v1.Circoviridae_rensp101_nsp48.xlsx	148	ERROR	CREATE.W_SRC	Change=CREATE, but 'current taxonomy' columns are  not empty	XLSX ROW 148, currentTaxonomy=Monodnaviria;Shotokuvirae;Cressdnaviricota;Arfiviricetes;Cirlivirales;Circoviridae;Cyclovirus
Animal DNA viruses and Retroviruses (D) proposals	2022.009D	2022.009D.N.v1.Circoviridae_rensp101_nsp48.docx	2022.009D.N.v1.Circoviridae_rensp101_nsp48.xlsx	149	ERROR	CREATE.W_SRC	Change=CREATE, but 'current taxonomy' columns are  not empty	XLSX ROW 149, currentTaxonomy=Monodnaviria;Shotokuvirae;Cressdnaviricota;Arfiviricetes;Cirlivirales;Circoviridae;Cyclovirus
Animal DNA viruses and Retroviruses (D) proposals	2022.009D	2022.009D.N.v1.Circoviridae_rensp101_nsp48.docx	2022.009D.N.v1.Circoviridae_rensp101_nsp48.xlsx	150	ERROR	CREATE.W_SRC	Change=CREATE, but 'current taxonomy' columns are  not empty	XLSX ROW 150, currentTaxonomy=Monodnaviria;Shotokuvirae;Cressdnaviricota;Arfiviricetes;Cirlivirales;Circoviridae;Cyclovirus
Animal DNA viruses and Retroviruses (D) proposals	2022.009D	2022.009D.N.v1.Circoviridae_rensp101_nsp48.docx	2022.009D.N.v1.Circoviridae_rensp101_nsp48.xlsx	151	ERROR	CREATE.W_SRC	Change=CREATE, but 'current taxonomy' columns are  not empty	XLSX ROW 151, currentTaxonomy=Monodnaviria;Shotokuvirae;Cressdnaviricota;Arfiviricetes;Cirlivirales;Circoviridae;Cyclovirus
Animal DNA viruses and Retroviruses (D) proposals	2022.009D	2022.009D.N.v1.Circoviridae_rensp101_nsp48.docx	2022.009D.N.v1.Circoviridae_rensp101_nsp48.xlsx	152	ERROR	CREATE.W_SRC	Change=CREATE, but 'current taxonomy' columns are  not empty	XLSX ROW 152, currentTaxonomy=Monodnaviria;Shotokuvirae;Cressdnaviricota;Arfiviricetes;Cirlivirales;Circoviridae;Cyclovirus
Animal dsRNA and -ssRNA (M) proposals	2022.001M	2022.001M.N.v1.Alpha and betanucleorhabdoviruses_6nsp.docx	2022.001M.N.v1.Alpha and betanucleorhabdoviruses_6nsp.xlsx	4	WARNING	CREATE.PARENT_LINEAGE	Change=CREATE, proposed parent taxon exists, but not with expected lineage, using observed lineage	XLSX ROW 4, proposedParentLinage=Riboviria;Orthomarivae;Negarnaviricota;Haploviricotina;Monjiriviricetes;Mononegavirales;Rhabdoviridae;Betarhabdovirinae;Alphanucleorhabdovirus, observedParentLineage=Riboviria;Orthornavirae;Negarnaviricota;Haploviricotina;Monjiviricetes;Mononegavirales;Rhabdoviridae;Betarhabdovirinae;Alphanucleorhabdovirus, otherProposals=NA
Animal dsRNA and -ssRNA (M) proposals	2022.001M	2022.001M.N.v1.Alpha and betanucleorhabdoviruses_6nsp.docx	2022.001M.N.v1.Alpha and betanucleorhabdoviruses_6nsp.xlsx	5	WARNING	CREATE.PARENT_LINEAGE	Change=CREATE, proposed parent taxon exists, but not with expected lineage, using observed lineage	XLSX ROW 5, proposedParentLinage=Riboviria;Orthomarivae;Negarnaviricota;Haploviricotina;Monjiriviricetes;Mononegavirales;Rhabdoviridae;Betarhabdovirinae;Alphanucleorhabdovirus, observedParentLineage=Riboviria;Orthornavirae;Negarnaviricota;Haploviricotina;Monjiviricetes;Mononegavirales;Rhabdoviridae;Betarhabdovirinae;Alphanucleorhabdovirus, otherProposals=NA
Animal dsRNA and -ssRNA (M) proposals	2022.001M	2022.001M.N.v1.Alpha and betanucleorhabdoviruses_6nsp.docx	2022.001M.N.v1.Alpha and betanucleorhabdoviruses_6nsp.xlsx	6	WARNING	CREATE.PARENT_LINEAGE	Change=CREATE, proposed parent taxon exists, but not with expected lineage, using observed lineage	XLSX ROW 6, proposedParentLinage=Riboviria;Orthomarivae;Negarnaviricota;Haploviricotina;Monjiriviricetes;Mononegavirales;Rhabdoviridae;Betarhabdovirinae;Betanucleorhabdovirus, observedParentLineage=Riboviria;Orthornavirae;Negarnaviricota;Haploviricotina;Monjiviricetes;Mononegavirales;Rhabdoviridae;Betarhabdovirinae;Betanucleorhabdovirus, otherProposals=NA
Animal dsRNA and -ssRNA (M) proposals	2022.001M	2022.001M.N.v1.Alpha and betanucleorhabdoviruses_6nsp.docx	2022.001M.N.v1.Alpha and betanucleorhabdoviruses_6nsp.xlsx	7	WARNING	CREATE.PARENT_LINEAGE	Change=CREATE, proposed parent taxon exists, but not with expected lineage, using observed lineage	XLSX ROW 7, proposedParentLinage=Riboviria;Orthomarivae;Negarnaviricota;Haploviricotina;Monjiriviricetes;Mononegavirales;Rhabdoviridae;Betarhabdovirinae;Betanucleorhabdovirus, observedParentLineage=Riboviria;Orthornavirae;Negarnaviricota;Haploviricotina;Monjiviricetes;Mononegavirales;Rhabdoviridae;Betarhabdovirinae;Betanucleorhabdovirus, otherProposals=NA
Animal dsRNA and -ssRNA (M) proposals	2022.001M	2022.001M.N.v1.Alpha and betanucleorhabdoviruses_6nsp.docx	2022.001M.N.v1.Alpha and betanucleorhabdoviruses_6nsp.xlsx	8	WARNING	CREATE.PARENT_LINEAGE	Change=CREATE, proposed parent taxon exists, but not with expected lineage, using observed lineage	XLSX ROW 8, proposedParentLinage=Riboviria;Orthomarivae;Negarnaviricota;Haploviricotina;Monjiriviricetes;Mononegavirales;Rhabdoviridae;Betarhabdovirinae;Betanucleorhabdovirus, observedParentLineage=Riboviria;Orthornavirae;Negarnaviricota;Haploviricotina;Monjiviricetes;Mononegavirales;Rhabdoviridae;Betarhabdovirinae;Betanucleorhabdovirus, otherProposals=NA
Animal dsRNA and -ssRNA (M) proposals	2022.001M	2022.001M.N.v1.Alpha and betanucleorhabdoviruses_6nsp.docx	2022.001M.N.v1.Alpha and betanucleorhabdoviruses_6nsp.xlsx	9	WARNING	CREATE.PARENT_LINEAGE	Change=CREATE, proposed parent taxon exists, but not with expected lineage, using observed lineage	XLSX ROW 9, proposedParentLinage=Riboviria;Orthomarivae;Negarnaviricota;Haploviricotina;Monjiriviricetes;Mononegavirales;Rhabdoviridae;Betarhabdovirinae;Betanucleorhabdovirus, observedParentLineage=Riboviria;Orthornavirae;Negarnaviricota;Haploviricotina;Monjiviricetes;Mononegavirales;Rhabdoviridae;Betarhabdovirinae;Betanucleorhabdovirus, otherProposals=NA
Animal dsRNA and -ssRNA (M) proposals	2022.005M	2022.005M.N.v1.Coguvirus_2nsp.docx	2022.005M.N.v1.Coguvirus_2nsp.xlsx	4	WARNING	CREATE.PARENT_LINEAGE	Change=CREATE, proposed parent taxon exists, but not with expected lineage, using observed lineage	XLSX ROW 4, proposedParentLinage=Riboviria;Othornavirae;Negarnaviricota;Polyploviricotina;Ellioviricetes;Bunyavirales;Phenuiviridae;Coguvirus, observedParentLineage=Riboviria;Orthornavirae;Negarnaviricota;Polyploviricotina;Ellioviricetes;Bunyavirales;Phenuiviridae;Coguvirus, otherProposals=NA
Animal dsRNA and -ssRNA (M) proposals	2022.005M	2022.005M.N.v1.Coguvirus_2nsp.docx	2022.005M.N.v1.Coguvirus_2nsp.xlsx	5	WARNING	CREATE.PARENT_LINEAGE	Change=CREATE, proposed parent taxon exists, but not with expected lineage, using observed lineage	XLSX ROW 5, proposedParentLinage=Riboviria;Othornavirae;Negarnaviricota;Polyploviricotina;Ellioviricetes;Bunyavirales;Phenuiviridae;Coguvirus, observedParentLineage=Riboviria;Orthornavirae;Negarnaviricota;Polyploviricotina;Ellioviricetes;Bunyavirales;Phenuiviridae;Coguvirus, otherProposals=NA
Animal dsRNA and -ssRNA (M) proposals	2022.006M	2022.006M.N.v1.Coguvirus_2nsp2.docx	2022.006M.N.v1.Coguvirus_2nsp2.xlsx	4	WARNING	CREATE.PARENT_LINEAGE	Change=CREATE, proposed parent taxon exists, but not with expected lineage, using observed lineage	XLSX ROW 4, proposedParentLinage=Riboviria;Othornavirae;Negarnaviricota;Polyploviricotina;Ellioviricetes;Bunyavirales;Phenuiviridae;Coguvirus, observedParentLineage=Riboviria;Orthornavirae;Negarnaviricota;Polyploviricotina;Ellioviricetes;Bunyavirales;Phenuiviridae;Coguvirus, otherProposals=NA
Animal dsRNA and -ssRNA (M) proposals	2022.006M	2022.006M.N.v1.Coguvirus_2nsp2.docx	2022.006M.N.v1.Coguvirus_2nsp2.xlsx	5	WARNING	CREATE.PARENT_LINEAGE	Change=CREATE, proposed parent taxon exists, but not with expected lineage, using observed lineage	XLSX ROW 5, proposedParentLinage=Riboviria;Othornavirae;Negarnaviricota;Polyploviricotina;Ellioviricetes;Bunyavirales;Phenuiviridae;Coguvirus, observedParentLineage=Riboviria;Orthornavirae;Negarnaviricota;Polyploviricotina;Ellioviricetes;Bunyavirales;Phenuiviridae;Coguvirus, otherProposals=NA
Animal dsRNA and -ssRNA (M) proposals	2022.007M	2022.007M.N.v1.Cytorhabdovirus_10nsp.docx	2022.007M.N.v1.Cytorhabdovirus_10nsp.xlsx	4	WARNING	CREATE.PARENT_LINEAGE	Change=CREATE, proposed parent taxon exists, but not with expected lineage, using observed lineage	XLSX ROW 4, proposedParentLinage=Riboviria;Orthomarivae;Negarnaviricota;Haploviricotina;Monjiriviricetes;Mononegavirales;Rhabdoviridae;Betarhabdovirinae;Cytorhabdovirus, observedParentLineage=Riboviria;Orthornavirae;Negarnaviricota;Haploviricotina;Monjiviricetes;Mononegavirales;Rhabdoviridae;Betarhabdovirinae;Cytorhabdovirus, otherProposals=NA
Animal dsRNA and -ssRNA (M) proposals	2022.007M	2022.007M.N.v1.Cytorhabdovirus_10nsp.docx	2022.007M.N.v1.Cytorhabdovirus_10nsp.xlsx	5	WARNING	CREATE.PARENT_LINEAGE	Change=CREATE, proposed parent taxon exists, but not with expected lineage, using observed lineage	XLSX ROW 5, proposedParentLinage=Riboviria;Orthomarivae;Negarnaviricota;Haploviricotina;Monjiriviricetes;Mononegavirales;Rhabdoviridae;Betarhabdovirinae;Cytorhabdovirus, observedParentLineage=Riboviria;Orthornavirae;Negarnaviricota;Haploviricotina;Monjiviricetes;Mononegavirales;Rhabdoviridae;Betarhabdovirinae;Cytorhabdovirus, otherProposals=NA
Animal dsRNA and -ssRNA (M) proposals	2022.007M	2022.007M.N.v1.Cytorhabdovirus_10nsp.docx	2022.007M.N.v1.Cytorhabdovirus_10nsp.xlsx	6	WARNING	CREATE.PARENT_LINEAGE	Change=CREATE, proposed parent taxon exists, but not with expected lineage, using observed lineage	XLSX ROW 6, proposedParentLinage=Riboviria;Orthomarivae;Negarnaviricota;Haploviricotina;Monjiriviricetes;Mononegavirales;Rhabdoviridae;Betarhabdovirinae;Cytorhabdovirus, observedParentLineage=Riboviria;Orthornavirae;Negarnaviricota;Haploviricotina;Monjiviricetes;Mononegavirales;Rhabdoviridae;Betarhabdovirinae;Cytorhabdovirus, otherProposals=NA
Animal dsRNA and -ssRNA (M) proposals	2022.007M	2022.007M.N.v1.Cytorhabdovirus_10nsp.docx	2022.007M.N.v1.Cytorhabdovirus_10nsp.xlsx	7	WARNING	CREATE.PARENT_LINEAGE	Change=CREATE, proposed parent taxon exists, but not with expected lineage, using observed lineage	XLSX ROW 7, proposedParentLinage=Riboviria;Orthomarivae;Negarnaviricota;Haploviricotina;Monjiriviricetes;Mononegavirales;Rhabdoviridae;Betarhabdovirinae;Cytorhabdovirus, observedParentLineage=Riboviria;Orthornavirae;Negarnaviricota;Haploviricotina;Monjiviricetes;Mononegavirales;Rhabdoviridae;Betarhabdovirinae;Cytorhabdovirus, otherProposals=NA
Animal dsRNA and -ssRNA (M) proposals	2022.007M	2022.007M.N.v1.Cytorhabdovirus_10nsp.docx	2022.007M.N.v1.Cytorhabdovirus_10nsp.xlsx	8	WARNING	CREATE.PARENT_LINEAGE	Change=CREATE, proposed parent taxon exists, but not with expected lineage, using observed lineage	XLSX ROW 8, proposedParentLinage=Riboviria;Orthomarivae;Negarnaviricota;Haploviricotina;Monjiriviricetes;Mononegavirales;Rhabdoviridae;Betarhabdovirinae;Cytorhabdovirus, observedParentLineage=Riboviria;Orthornavirae;Negarnaviricota;Haploviricotina;Monjiviricetes;Mononegavirales;Rhabdoviridae;Betarhabdovirinae;Cytorhabdovirus, otherProposals=NA
Animal dsRNA and -ssRNA (M) proposals	2022.007M	2022.007M.N.v1.Cytorhabdovirus_10nsp.docx	2022.007M.N.v1.Cytorhabdovirus_10nsp.xlsx	9	WARNING	CREATE.PARENT_LINEAGE	Change=CREATE, proposed parent taxon exists, but not with expected lineage, using observed lineage	XLSX ROW 9, proposedParentLinage=Riboviria;Orthomarivae;Negarnaviricota;Haploviricotina;Monjiriviricetes;Mononegavirales;Rhabdoviridae;Betarhabdovirinae;Cytorhabdovirus, observedParentLineage=Riboviria;Orthornavirae;Negarnaviricota;Haploviricotina;Monjiviricetes;Mononegavirales;Rhabdoviridae;Betarhabdovirinae;Cytorhabdovirus, otherProposals=NA
Animal dsRNA and -ssRNA (M) proposals	2022.007M	2022.007M.N.v1.Cytorhabdovirus_10nsp.docx	2022.007M.N.v1.Cytorhabdovirus_10nsp.xlsx	10	WARNING	CREATE.PARENT_LINEAGE	Change=CREATE, proposed parent taxon exists, but not with expected lineage, using observed lineage	XLSX ROW 10, proposedParentLinage=Riboviria;Orthomarivae;Negarnaviricota;Haploviricotina;Monjiriviricetes;Mononegavirales;Rhabdoviridae;Betarhabdovirinae;Cytorhabdovirus, observedParentLineage=Riboviria;Orthornavirae;Negarnaviricota;Haploviricotina;Monjiviricetes;Mononegavirales;Rhabdoviridae;Betarhabdovirinae;Cytorhabdovirus, otherProposals=NA
Animal dsRNA and -ssRNA (M) proposals	2022.007M	2022.007M.N.v1.Cytorhabdovirus_10nsp.docx	2022.007M.N.v1.Cytorhabdovirus_10nsp.xlsx	11	WARNING	CREATE.PARENT_LINEAGE	Change=CREATE, proposed parent taxon exists, but not with expected lineage, using observed lineage	XLSX ROW 11, proposedParentLinage=Riboviria;Orthomarivae;Negarnaviricota;Haploviricotina;Monjiriviricetes;Mononegavirales;Rhabdoviridae;Betarhabdovirinae;Cytorhabdovirus, observedParentLineage=Riboviria;Orthornavirae;Negarnaviricota;Haploviricotina;Monjiviricetes;Mononegavirales;Rhabdoviridae;Betarhabdovirinae;Cytorhabdovirus, otherProposals=NA
Animal dsRNA and -ssRNA (M) proposals	2022.007M	2022.007M.N.v1.Cytorhabdovirus_10nsp.docx	2022.007M.N.v1.Cytorhabdovirus_10nsp.xlsx	12	WARNING	CREATE.PARENT_LINEAGE	Change=CREATE, proposed parent taxon exists, but not with expected lineage, using observed lineage	XLSX ROW 12, proposedParentLinage=Riboviria;Orthomarivae;Negarnaviricota;Haploviricotina;Monjiriviricetes;Mononegavirales;Rhabdoviridae;Betarhabdovirinae;Cytorhabdovirus, observedParentLineage=Riboviria;Orthornavirae;Negarnaviricota;Haploviricotina;Monjiviricetes;Mononegavirales;Rhabdoviridae;Betarhabdovirinae;Cytorhabdovirus, otherProposals=NA
Animal dsRNA and -ssRNA (M) proposals	2022.007M	2022.007M.N.v1.Cytorhabdovirus_10nsp.docx	2022.007M.N.v1.Cytorhabdovirus_10nsp.xlsx	13	WARNING	CREATE.PARENT_LINEAGE	Change=CREATE, proposed parent taxon exists, but not with expected lineage, using observed lineage	XLSX ROW 13, proposedParentLinage=Riboviria;Orthomarivae;Negarnaviricota;Haploviricotina;Monjiriviricetes;Mononegavirales;Rhabdoviridae;Betarhabdovirinae;Cytorhabdovirus, observedParentLineage=Riboviria;Orthornavirae;Negarnaviricota;Haploviricotina;Monjiviricetes;Mononegavirales;Rhabdoviridae;Betarhabdovirinae;Cytorhabdovirus, otherProposals=NA
Animal dsRNA and -ssRNA (M) proposals	2022.010M	2022.010M.N.v1.Fraservirus_1nfam_1ngen_1nsp.docx	2022.010M.N.v1.Fraservirus_1nfam_1ngen_1nsp.xlsx	4	WARNING	CREATE.PARENT_LINEAGE	Change=CREATE, proposed parent taxon exists, but not with expected lineage, using observed lineage	XLSX ROW 4, proposedParentLinage=Riboviria;Orthornavira;Negarnaviricota, observedParentLineage=Riboviria;Orthornavirae;Negarnaviricota, otherProposals=NA
Animal dsRNA and -ssRNA (M) proposals	2022.010M	2022.010M.N.v1.Fraservirus_1nfam_1ngen_1nsp.docx	2022.010M.N.v1.Fraservirus_1nfam_1ngen_1nsp.xlsx	5	WARNING	CREATE.PARENT_LINEAGE	Change=CREATE, proposed parent taxon exists, but not with expected lineage, using observed lineage	XLSX ROW 5, proposedParentLinage=Riboviria;Orthornavira;Negarnaviricota;Tosoviridae, observedParentLineage=Riboviria;Orthornavira;Negarnaviricota, otherProposals=2022.010M:4
Animal dsRNA and -ssRNA (M) proposals	2022.010M	2022.010M.N.v1.Fraservirus_1nfam_1ngen_1nsp.docx	2022.010M.N.v1.Fraservirus_1nfam_1ngen_1nsp.xlsx	6	WARNING	CREATE.PARENT_LINEAGE	Change=CREATE, proposed parent taxon exists, but not with expected lineage, using observed lineage	XLSX ROW 6, proposedParentLinage=Riboviria;Orthornavira;Negarnaviricota;Tosoviridae;Fraservirus, observedParentLineage=Riboviria;Orthornavira;Negarnaviricota;Tosoviridae, otherProposals=2022.010M:5
Animal dsRNA and -ssRNA (M) proposals	2022.011M	2022.011M.N.v1.Hartmanivirus_2nsp.docx	2022.011M.N.v1.Hartmanivirus_2nsp.xlsx	4	WARNING	CREATE.PARENT_LINEAGE	Change=CREATE, proposed parent taxon exists, but not with expected lineage, using observed lineage	XLSX ROW 4, proposedParentLinage=Riboviria;Orthornavirae;Negarniviricota;Polyploviricotina;Ellioviricetes;Bunyavirales;Arenaviridae;Hartmanivirus, observedParentLineage=Riboviria;Orthornavirae;Negarnaviricota;Polyploviricotina;Ellioviricetes;Bunyavirales;Arenaviridae;Hartmanivirus, otherProposals=NA
Animal dsRNA and -ssRNA (M) proposals	2022.011M	2022.011M.N.v1.Hartmanivirus_2nsp.docx	2022.011M.N.v1.Hartmanivirus_2nsp.xlsx	5	WARNING	CREATE.PARENT_LINEAGE	Change=CREATE, proposed parent taxon exists, but not with expected lineage, using observed lineage	XLSX ROW 5, proposedParentLinage=Riboviria;Orthornavirae;Negarniviricota;Polyploviricotina;Ellioviricetes;Bunyavirales;Arenaviridae;Hartmanivirus, observedParentLineage=Riboviria;Orthornavirae;Negarnaviricota;Polyploviricotina;Ellioviricetes;Bunyavirales;Arenaviridae;Hartmanivirus, otherProposals=NA
Animal dsRNA and -ssRNA (M) proposals	2022.013M	2022.013M.N.v1.Mammarenavirus_1nsp.docx	2022.013M.N.v1.Mammarenavirus_1nsp.xlsx	4	WARNING	CREATE.PARENT_LINEAGE	Change=CREATE, proposed parent taxon exists, but not with expected lineage, using observed lineage	XLSX ROW 4, proposedParentLinage=Riboviria;Orthornavirae;Negarniviricota;Polyploviricotina;Ellioviricetes;Bunyavirales;Arenaviridae;Mammarenavirus, observedParentLineage=Riboviria;Orthornavirae;Negarnaviricota;Polyploviricotina;Ellioviricetes;Bunyavirales;Arenaviridae;Mammarenavirus, otherProposals=NA
Animal dsRNA and -ssRNA (M) proposals	2022.020M	2022.020M.N.v1.Phenuiviridae_2ngen_10nsp_1rensp.docx	2022.020M.N.v1.Phenuiviridae_2ngen_10nsp_1rensp.xlsx	9	ERROR	CREATE.DUP_ACC	Change=CREATE, a species with this accession number already exists	XLSX ROW 9, accession=pending, existingSpecies=Riboviria;Orthornavirae;Negarnaviricota;Polyploviricotina;Ellioviricetes;Bunyavirales;Phenuiviridae;Goukovirus;Goukovirus ceraphri
Animal dsRNA and -ssRNA (M) proposals	2022.021M	2022.021M.N.v1.Varicosavirus_9nsp.docx	2022.021M.N.v1.Varicosavirus_9nsp.xlsx	4	WARNING	CREATE.PARENT_LINEAGE	Change=CREATE, proposed parent taxon exists, but not with expected lineage, using observed lineage	XLSX ROW 4, proposedParentLinage=Riboviria;Orthomarivae;Negarnaviricota;Haploviricotina;Monjiriviricetes;Mononegavirales;Rhabdoviridae;Betarhabdovirinae;Varicosavirus, observedParentLineage=Riboviria;Orthornavirae;Negarnaviricota;Haploviricotina;Monjiviricetes;Mononegavirales;Rhabdoviridae;Betarhabdovirinae;Varicosavirus, otherProposals=NA
Animal dsRNA and -ssRNA (M) proposals	2022.021M	2022.021M.N.v1.Varicosavirus_9nsp.docx	2022.021M.N.v1.Varicosavirus_9nsp.xlsx	5	WARNING	CREATE.PARENT_LINEAGE	Change=CREATE, proposed parent taxon exists, but not with expected lineage, using observed lineage	XLSX ROW 5, proposedParentLinage=Riboviria;Orthomarivae;Negarnaviricota;Haploviricotina;Monjiriviricetes;Mononegavirales;Rhabdoviridae;Betarhabdovirinae;Varicosavirus, observedParentLineage=Riboviria;Orthornavirae;Negarnaviricota;Haploviricotina;Monjiviricetes;Mononegavirales;Rhabdoviridae;Betarhabdovirinae;Varicosavirus, otherProposals=NA
Animal dsRNA and -ssRNA (M) proposals	2022.021M	2022.021M.N.v1.Varicosavirus_9nsp.docx	2022.021M.N.v1.Varicosavirus_9nsp.xlsx	6	WARNING	CREATE.PARENT_LINEAGE	Change=CREATE, proposed parent taxon exists, but not with expected lineage, using observed lineage	XLSX ROW 6, proposedParentLinage=Riboviria;Orthomarivae;Negarnaviricota;Haploviricotina;Monjiriviricetes;Mononegavirales;Rhabdoviridae;Betarhabdovirinae;Varicosavirus, observedParentLineage=Riboviria;Orthornavirae;Negarnaviricota;Haploviricotina;Monjiviricetes;Mononegavirales;Rhabdoviridae;Betarhabdovirinae;Varicosavirus, otherProposals=NA
Animal dsRNA and -ssRNA (M) proposals	2022.021M	2022.021M.N.v1.Varicosavirus_9nsp.docx	2022.021M.N.v1.Varicosavirus_9nsp.xlsx	7	WARNING	CREATE.PARENT_LINEAGE	Change=CREATE, proposed parent taxon exists, but not with expected lineage, using observed lineage	XLSX ROW 7, proposedParentLinage=Riboviria;Orthomarivae;Negarnaviricota;Haploviricotina;Monjiriviricetes;Mononegavirales;Rhabdoviridae;Betarhabdovirinae;Varicosavirus, observedParentLineage=Riboviria;Orthornavirae;Negarnaviricota;Haploviricotina;Monjiviricetes;Mononegavirales;Rhabdoviridae;Betarhabdovirinae;Varicosavirus, otherProposals=NA
Animal dsRNA and -ssRNA (M) proposals	2022.021M	2022.021M.N.v1.Varicosavirus_9nsp.docx	2022.021M.N.v1.Varicosavirus_9nsp.xlsx	8	WARNING	CREATE.PARENT_LINEAGE	Change=CREATE, proposed parent taxon exists, but not with expected lineage, using observed lineage	XLSX ROW 8, proposedParentLinage=Riboviria;Orthomarivae;Negarnaviricota;Haploviricotina;Monjiriviricetes;Mononegavirales;Rhabdoviridae;Betarhabdovirinae;Varicosavirus, observedParentLineage=Riboviria;Orthornavirae;Negarnaviricota;Haploviricotina;Monjiviricetes;Mononegavirales;Rhabdoviridae;Betarhabdovirinae;Varicosavirus, otherProposals=NA
Animal dsRNA and -ssRNA (M) proposals	2022.021M	2022.021M.N.v1.Varicosavirus_9nsp.docx	2022.021M.N.v1.Varicosavirus_9nsp.xlsx	9	WARNING	CREATE.PARENT_LINEAGE	Change=CREATE, proposed parent taxon exists, but not with expected lineage, using observed lineage	XLSX ROW 9, proposedParentLinage=Riboviria;Orthomarivae;Negarnaviricota;Haploviricotina;Monjiriviricetes;Mononegavirales;Rhabdoviridae;Betarhabdovirinae;Varicosavirus, observedParentLineage=Riboviria;Orthornavirae;Negarnaviricota;Haploviricotina;Monjiviricetes;Mononegavirales;Rhabdoviridae;Betarhabdovirinae;Varicosavirus, otherProposals=NA
Animal dsRNA and -ssRNA (M) proposals	2022.021M	2022.021M.N.v1.Varicosavirus_9nsp.docx	2022.021M.N.v1.Varicosavirus_9nsp.xlsx	10	WARNING	CREATE.PARENT_LINEAGE	Change=CREATE, proposed parent taxon exists, but not with expected lineage, using observed lineage	XLSX ROW 10, proposedParentLinage=Riboviria;Orthomarivae;Negarnaviricota;Haploviricotina;Monjiriviricetes;Mononegavirales;Rhabdoviridae;Betarhabdovirinae;Varicosavirus, observedParentLineage=Riboviria;Orthornavirae;Negarnaviricota;Haploviricotina;Monjiviricetes;Mononegavirales;Rhabdoviridae;Betarhabdovirinae;Varicosavirus, otherProposals=NA
Animal dsRNA and -ssRNA (M) proposals	2022.021M	2022.021M.N.v1.Varicosavirus_9nsp.docx	2022.021M.N.v1.Varicosavirus_9nsp.xlsx	12	WARNING	CREATE.PARENT_LINEAGE	Change=CREATE, proposed parent taxon exists, but not with expected lineage, using observed lineage	XLSX ROW 12, proposedParentLinage=Riboviria;Orthomarivae;Negarnaviricota;Haploviricotina;Monjiriviricetes;Mononegavirales;Rhabdoviridae;Betarhabdovirinae;Varicosavirus, observedParentLineage=Riboviria;Orthornavirae;Negarnaviricota;Haploviricotina;Monjiviricetes;Mononegavirales;Rhabdoviridae;Betarhabdovirinae;Varicosavirus, otherProposals=NA
Archaeal viruses (A) proposals	2022.001A	2022.001A.N.v1.Nakonvirales_Maximonvirales_Coyopavirales_3no.docx	2022.001A.N.v1.Nakonvirales_Maximonvirales_Coyopavirales_3no.xlsx	10	ERROR	CREATE.DUP_ACC	Change=CREATE, a species with this accession number already exists	XLSX ROW 10, accession=PENDING, existingSpecies=Duplodnaviria;Heunggongvirae;Uroviricota;Caudoviricetes;Nakonvirales;Ahpuchviridae;Kisinvirus;Kisinvirus pescadero
Archaeal viruses (A) proposals	2022.001A	2022.001A.N.v1.Nakonvirales_Maximonvirales_Coyopavirales_3no.docx	2022.001A.N.v1.Nakonvirales_Maximonvirales_Coyopavirales_3no.xlsx	11	ERROR	CREATE.DUP_ACC	Change=CREATE, a species with this accession number already exists	XLSX ROW 11, accession=PENDING, existingSpecies=Duplodnaviria;Heunggongvirae;Uroviricota;Caudoviricetes;Nakonvirales;Ahpuchviridae;Kisinvirus;Kisinvirus pescadero
Archaeal viruses (A) proposals	2022.001A	2022.001A.N.v1.Nakonvirales_Maximonvirales_Coyopavirales_3no.docx	2022.001A.N.v1.Nakonvirales_Maximonvirales_Coyopavirales_3no.xlsx	12	ERROR	CREATE.PARENT_NO_EXIST	Change=CREATE, but parent rank taxon does not exist	XLSX ROW 12, parentTaxon=NA, proposedTaxonomy=Itzamnaviridae
Archaeal viruses (A) proposals	2022.001A	2022.001A.N.v1.Nakonvirales_Maximonvirales_Coyopavirales_3no.docx	2022.001A.N.v1.Nakonvirales_Maximonvirales_Coyopavirales_3no.xlsx	13	ERROR	CREATE.PARENT_NO_EXIST	Change=CREATE, but parent rank taxon does not exist	XLSX ROW 13, parentTaxon=Itzamnaviridae, proposedTaxonomy=Itzamnaviridae;Pletoitzamnavirus
Archaeal viruses (A) proposals	2022.001A	2022.001A.N.v1.Nakonvirales_Maximonvirales_Coyopavirales_3no.docx	2022.001A.N.v1.Nakonvirales_Maximonvirales_Coyopavirales_3no.xlsx	14	ERROR	CREATE.DUP_ACC	Change=CREATE, a species with this accession number already exists	XLSX ROW 14, accession=PENDING, existingSpecies=Duplodnaviria;Heunggongvirae;Uroviricota;Caudoviricetes;Nakonvirales;Ahpuchviridae;Kisinvirus;Kisinvirus pescadero
Archaeal viruses (A) proposals	2022.001A	2022.001A.N.v1.Nakonvirales_Maximonvirales_Coyopavirales_3no.docx	2022.001A.N.v1.Nakonvirales_Maximonvirales_Coyopavirales_3no.xlsx	15	ERROR	CREATE.PARENT_NO_EXIST	Change=CREATE, but parent rank taxon does not exist	XLSX ROW 15, parentTaxon=Itzamnaviridae, proposedTaxonomy=Itzamnaviridae;Demiitzamnavirus
Archaeal viruses (A) proposals	2022.001A	2022.001A.N.v1.Nakonvirales_Maximonvirales_Coyopavirales_3no.docx	2022.001A.N.v1.Nakonvirales_Maximonvirales_Coyopavirales_3no.xlsx	16	ERROR	CREATE.DUP_ACC	Change=CREATE, a species with this accession number already exists	XLSX ROW 16, accession=PENDING, existingSpecies=Duplodnaviria;Heunggongvirae;Uroviricota;Caudoviricetes;Nakonvirales;Ahpuchviridae;Kisinvirus;Kisinvirus pescadero
Archaeal viruses (A) proposals	2022.001A	2022.001A.N.v1.Nakonvirales_Maximonvirales_Coyopavirales_3no.docx	2022.001A.N.v1.Nakonvirales_Maximonvirales_Coyopavirales_3no.xlsx	17	ERROR	CREATE.DUP_ACC	Change=CREATE, a species with this accession number already exists	XLSX ROW 17, accession=PENDING, existingSpecies=Duplodnaviria;Heunggongvirae;Uroviricota;Caudoviricetes;Nakonvirales;Ahpuchviridae;Kisinvirus;Kisinvirus pescadero
Archaeal viruses (A) proposals	2022.001A	2022.001A.N.v1.Nakonvirales_Maximonvirales_Coyopavirales_3no.docx	2022.001A.N.v1.Nakonvirales_Maximonvirales_Coyopavirales_3no.xlsx	18	ERROR	CREATE.PARENT_NO_EXIST	Change=CREATE, but parent rank taxon does not exist	XLSX ROW 18, parentTaxon=Tokiviricetes, proposedTaxonomy=Adnaviria;Zilligvirae;Taleaviricota;Tokiviricetes;Maximonvirales
Archaeal viruses (A) proposals	2022.001A	2022.001A.N.v1.Nakonvirales_Maximonvirales_Coyopavirales_3no.docx	2022.001A.N.v1.Nakonvirales_Maximonvirales_Coyopavirales_3no.xlsx	19	ERROR	CREATE.PARENT_NO_EXIST	Change=CREATE, but parent rank taxon does not exist	XLSX ROW 19, parentTaxon=Maximonvirales, proposedTaxonomy=Adnaviria;Zilligvirae;Taleaviricota;Tokiviricetes;Maximonvirales;Ahmunviridae
Archaeal viruses (A) proposals	2022.001A	2022.001A.N.v1.Nakonvirales_Maximonvirales_Coyopavirales_3no.docx	2022.001A.N.v1.Nakonvirales_Maximonvirales_Coyopavirales_3no.xlsx	20	ERROR	CREATE.PARENT_NO_EXIST	Change=CREATE, but parent rank taxon does not exist	XLSX ROW 20, parentTaxon=Ahmunviridae, proposedTaxonomy=Adnaviria;Zilligvirae;Taleaviricota;Tokiviricetes;Maximonvirales;Ahmunviridae;Yumkaaxvirus
Archaeal viruses (A) proposals	2022.001A	2022.001A.N.v1.Nakonvirales_Maximonvirales_Coyopavirales_3no.docx	2022.001A.N.v1.Nakonvirales_Maximonvirales_Coyopavirales_3no.xlsx	21	ERROR	CREATE.DUP_ACC	Change=CREATE, a species with this accession number already exists	XLSX ROW 21, accession=PENDING, existingSpecies=Duplodnaviria;Heunggongvirae;Uroviricota;Caudoviricetes;Nakonvirales;Ahpuchviridae;Kisinvirus;Kisinvirus pescadero
Archaeal viruses (A) proposals	2022.001A	2022.001A.N.v1.Nakonvirales_Maximonvirales_Coyopavirales_3no.docx	2022.001A.N.v1.Nakonvirales_Maximonvirales_Coyopavirales_3no.xlsx	25	ERROR	CREATE.DUP_ACC	Change=CREATE, a species with this accession number already exists	XLSX ROW 25, accession=PENDING, existingSpecies=Duplodnaviria;Heunggongvirae;Uroviricota;Caudoviricetes;Nakonvirales;Ahpuchviridae;Kisinvirus;Kisinvirus pescadero
Archaeal viruses (A) proposals	2022.001A	2022.001A.N.v1.Nakonvirales_Maximonvirales_Coyopavirales_3no.docx	2022.001A.N.v1.Nakonvirales_Maximonvirales_Coyopavirales_3no.xlsx	27	ERROR	CREATE.DUP_ACC	Change=CREATE, a species with this accession number already exists	XLSX ROW 27, accession=PENDING, existingSpecies=Duplodnaviria;Heunggongvirae;Uroviricota;Caudoviricetes;Nakonvirales;Ahpuchviridae;Kisinvirus;Kisinvirus pescadero
Archaeal viruses (A) proposals	2022.001A	2022.001A.N.v1.Nakonvirales_Maximonvirales_Coyopavirales_3no.docx	2022.001A.N.v1.Nakonvirales_Maximonvirales_Coyopavirales_3no.xlsx	28	ERROR	CREATE.DUP_ACC	Change=CREATE, a species with this accession number already exists	XLSX ROW 28, accession=PENDING, existingSpecies=Duplodnaviria;Heunggongvirae;Uroviricota;Caudoviricetes;Nakonvirales;Ahpuchviridae;Kisinvirus;Kisinvirus pescadero
Archaeal viruses (A) proposals	2022.001A	2022.001A.N.v1.Nakonvirales_Maximonvirales_Coyopavirales_3no.docx	2022.001A.N.v1.Nakonvirales_Maximonvirales_Coyopavirales_3no.xlsx	29	ERROR	CREATE.DUP_ACC	Change=CREATE, a species with this accession number already exists	XLSX ROW 29, accession=PENDING, existingSpecies=Duplodnaviria;Heunggongvirae;Uroviricota;Caudoviricetes;Nakonvirales;Ahpuchviridae;Kisinvirus;Kisinvirus pescadero
Bacterial viruses (B) proposals	2022.001B	2022.001B.N.v1.Aliceevansviridae_nf.docx	2022.001B.N.v1.Aliceevansviridae_nf.xlsx	17	ERROR	DEST.IN_NEW	Change=CREATE NEW, but 'proposed taxonomy' already created in new MSL	XLSX ROW 17, proposedTaxonomy=Vansinderenvirus CHPC1232; existingTaxon=MSL38:Adnaviria;Zilligvirae;Taleaviricota;Tokiviricetes;Ligamenvirales;Lipothrixviridae;Betalipothrixvirus; otherProposal=NA
Bacterial viruses (B) proposals	2022.001B	2022.001B.N.v1.Aliceevansviridae_nf.docx	2022.001B.N.v1.Aliceevansviridae_nf.xlsx	125	ERROR	DEST.IN_CUR	Change=RENAME, but 'proposed taxonomy' already exists	XLSX ROW 125, proposedTaxonomy=Moineauvirus mv7201; existingTaxon=MSL37:2020
Bacterial viruses (B) proposals	2022.001B	2022.001B.N.v1.Aliceevansviridae_nf.docx	2022.001B.N.v1.Aliceevansviridae_nf.xlsx	126	ERROR	DEST.IN_CUR	Change=RENAME, but 'proposed taxonomy' already exists	XLSX ROW 126, proposedTaxonomy=Moineauvirus DT1; existingTaxon=MSL37:2020
Bacterial viruses (B) proposals	2022.001B	2022.001B.N.v1.Aliceevansviridae_nf.docx	2022.001B.N.v1.Aliceevansviridae_nf.xlsx	127	ERROR	RENAME.NO_EXIST	Change=RENAME, but taxon does not exist	XLSX ROW 127, taxon=Streptococcus virus phiAbc2, lineage=Duplodnaviria;Heunggongvirae;Uroviricota;Caudoviricetes;Aliceevansviridae;Moineauvirus;Streptococcus virus phiAbc2, proposedTaxon=Moineauvirus abc2
Bacterial viruses (B) proposals	2022.001B	2022.001B.N.v1.Aliceevansviridae_nf.docx	2022.001B.N.v1.Aliceevansviridae_nf.xlsx	128	ERROR	RENAME.NO_EXIST	Change=RENAME, but taxon does not exist	XLSX ROW 128, taxon=Streptococcus virus Sfi19, lineage=Duplodnaviria;Heunggongvirae;Uroviricota;Caudoviricetes;Aliceevansviridae;Moineauvirus;Streptococcus virus Sfi19, proposedTaxon=Moineauvirus sfi19
Bacterial viruses (B) proposals	2022.001B	2022.001B.N.v1.Aliceevansviridae_nf.docx	2022.001B.N.v1.Aliceevansviridae_nf.xlsx	129	ERROR	RENAME.NO_EXIST	Change=RENAME, but taxon does not exist	XLSX ROW 129, taxon=Streptococcus virus Sfi21, lineage=Duplodnaviria;Heunggongvirae;Uroviricota;Caudoviricetes;Aliceevansviridae;Moineauvirus;Streptococcus virus Sfi21, proposedTaxon=Moineauvirus sfi21
Bacterial viruses (B) proposals	2022.021B	2022.021B.N.v1.Certevirus_ng.docx	2022.021B.N.v1.Certevirus_ng.xlsx	4	ERROR	CREATE.PARENT_NO_EXIST	Change=CREATE, but parent rank taxon does not exist	XLSX ROW 4, parentTaxon=Caudoviricites, proposedTaxonomy=Duplodnaviria;Heunggongvirae;Uroviricota;Caudoviricites;Certevirus
Bacterial viruses (B) proposals	2022.021B	2022.021B.N.v1.Certevirus_ng.docx	2022.021B.N.v1.Certevirus_ng.xlsx	5	ERROR	CREATE.PARENT_NO_EXIST	Change=CREATE, but parent rank taxon does not exist	XLSX ROW 5, parentTaxon=Certevirus, proposedTaxonomy=Duplodnaviria;Heunggongvirae;Uroviricota;Caudoviricites;Certevirus;Certevirus C23
Bacterial viruses (B) proposals	2022.030B	2022.030B.N.v1.Error_correction.docx	2022.030B.N.v1.Error_correction.xlsx	9	ERROR	DEST.IN_CUR	Change=RENAME, but 'proposed taxonomy' already exists	XLSX ROW 9, proposedTaxonomy=Bixzunavirus I3; existingTaxon=MSL37:2020
Bacterial viruses (B) proposals	2022.034B	2022.034B.N.v1.Gordonclarkvirinae_nsf.docx	2022.034B.N.v1.Gordonclarkvirinae_nsf.xlsx	14	WARNING	MOVE.NO_SRC	Change=MOVE, but 'current taxonomy' columns are empty	XLSX ROW 14 destTaxonomy=Duplodnaviria;Heunggongvirae;Uroviricota;Caudoviricetes;Gordonclarkvirinae;Kuravirus; we guess you meant=Duplodnaviria;Heunggongvirae;Uroviricota;Caudoviricetes;Kuravirus
Bacterial viruses (B) proposals	2022.036B	2022.036B.N.v1.Hiroshimavirus_ng.docx	2022.036B.N.v1.Hiroshimavirus_ng.xlsx	5	WARNING	CREATE.PARENT_LINEAGE	Change=CREATE, proposed parent taxon exists, but not with expected lineage, using observed lineage	XLSX ROW 5, proposedParentLinage=Hiroshimavirus, observedParentLineage=Duplodnaviria;Heunggongvirae;Uroviricota;Caudoviricetes;Hiroshimavirus, otherProposals=2022.036B:4
Bacterial viruses (B) proposals	2022.039B	2022.039B.N.v1.Iiscvirinae_nsf.docx	2022.039B.N.v1.Iiscvirinae_nsf.xlsx	5	WARNING	CREATE.PARENT_LINEAGE	Change=CREATE, proposed parent taxon exists, but not with expected lineage, using observed lineage	XLSX ROW 5, proposedParentLinage=Iiscvirinae, observedParentLineage=Duplodnaviria;Heunggongvirae;Uroviricota;Caudoviricetes;Iiscvirinae, otherProposals=2022.039B:4
Bacterial viruses (B) proposals	2022.039B	2022.039B.N.v1.Iiscvirinae_nsf.docx	2022.039B.N.v1.Iiscvirinae_nsf.xlsx	6	WARNING	CREATE.PARENT_LINEAGE	Change=CREATE, proposed parent taxon exists, but not with expected lineage, using observed lineage	XLSX ROW 6, proposedParentLinage=Iiscvirinae;Aryavirus, observedParentLineage=Iiscvirinae, otherProposals=2022.039B:5
Bacterial viruses (B) proposals	2022.039B	2022.039B.N.v1.Iiscvirinae_nsf.docx	2022.039B.N.v1.Iiscvirinae_nsf.xlsx	7	WARNING	MOVE.PARENT_LINEAGE	Change=MOVE, proposed parent taxon exists, but not with expected lineage	XLSX ROW 7, proposedParentLinage=Iiscvirinae, observedParentLineage=Duplodnaviria;Heunggongvirae;Uroviricota;Caudoviricetes;Iiscvirinae, otherProposals=2022.039B:4
Bacterial viruses (B) proposals	2022.043B	2022.043B.N.v1.Kyanoviridae_7ng.docx	2022.043B.N.v1.Kyanoviridae_7ng.xlsx	4	WARNING	MOVE.RANK_MISMATCH_SRC	Change=MOVE, but 'current taxonomy' taxon rank does not match [rank] column	XLSX ROW 4, rankColumn=genus, currentTaxonRank=species, currentTaxonomy=Duplodnaviria;Heunggongvirae;Uroviricota;Caudoviricetes;Tamkungvirus;Tamkungvirus ST4
Bacterial viruses (B) proposals	2022.043B	2022.043B.N.v1.Kyanoviridae_7ng.docx	2022.043B.N.v1.Kyanoviridae_7ng.xlsx	7	ERROR	DEST.IN_CUR	Change=CREATE NEW, but 'proposed taxonomy' already exists	XLSX ROW 7, proposedTaxonomy=Yushanvirus; existingTaxon=MSL37:2020
Bacterial viruses (B) proposals	2022.043B	2022.043B.N.v1.Kyanoviridae_7ng.docx	2022.043B.N.v1.Kyanoviridae_7ng.xlsx	8	WARNING	CREATE.PARENT_LINEAGE	Change=CREATE, proposed parent taxon exists, but not with expected lineage, using observed lineage	XLSX ROW 8, proposedParentLinage=Duplodnaviria;Heunggongvirae;Uroviricota;Caudoviricetes;Kyanoviridae;Yushanvirus, observedParentLineage=Duplodnaviria;Heunggongvirae;Uroviricota;Caudoviricetes;Chaseviridae;Nefertitivirinae;Yushanvirus, otherProposals=NA
Bacterial viruses (B) proposals	2022.043B	2022.043B.N.v1.Kyanoviridae_7ng.docx	2022.043B.N.v1.Kyanoviridae_7ng.xlsx	11	ERROR	DEST.IN_CUR	Change=CREATE NEW, but 'proposed taxonomy' already exists	XLSX ROW 11, proposedTaxonomy=Xiamenvirus; existingTaxon=MSL37:2020
Bacterial viruses (B) proposals	2022.043B	2022.043B.N.v1.Kyanoviridae_7ng.docx	2022.043B.N.v1.Kyanoviridae_7ng.xlsx	12	WARNING	CREATE.PARENT_LINEAGE	Change=CREATE, proposed parent taxon exists, but not with expected lineage, using observed lineage	XLSX ROW 12, proposedParentLinage=Duplodnaviria;Heunggongvirae;Uroviricota;Caudoviricetes;Kyanoviridae;Xiamenvirus, observedParentLineage=Duplodnaviria;Heunggongvirae;Uroviricota;Caudoviricetes;Xiamenvirus, otherProposals=NA
Bacterial viruses (B) proposals	2022.054B	2022.054B.N.v1.Mudcatvirus_10nsp_2rsp.docx	2022.054B.N.v1.Mudcatvirus_10nsp_2rsp.xlsx	14	ERROR	DEST.IN_CUR	Change=RENAME, but 'proposed taxonomy' already exists	XLSX ROW 14, proposedTaxonomy=Mudcatvirus circum; existingTaxon=MSL37:2020
Bacterial viruses (B) proposals	2022.054B	2022.054B.N.v1.Mudcatvirus_10nsp_2rsp.docx	2022.054B.N.v1.Mudcatvirus_10nsp_2rsp.xlsx	15	ERROR	DEST.IN_CUR	Change=RENAME, but 'proposed taxonomy' already exists	XLSX ROW 15, proposedTaxonomy=Mudcatvirus mudcat; existingTaxon=MSL37:2020
Bacterial viruses (B) proposals	2022.066B	2022.066B.N.v1.Caudoviricetes_6ng.docx	2022.066B.N.v1.Caudoviricetes_6ng.xlsx	10	ERROR	DEST.IN_CUR	Change=CREATE NEW, but 'proposed taxonomy' already exists	XLSX ROW 10, proposedTaxonomy=Miltonvirus; existingTaxon=MSL37:2020
Bacterial viruses (B) proposals	2022.066B	2022.066B.N.v1.Caudoviricetes_6ng.docx	2022.066B.N.v1.Caudoviricetes_6ng.xlsx	11	WARNING	CREATE.PARENT_LINEAGE	Change=CREATE, proposed parent taxon exists, but not with expected lineage, using observed lineage	XLSX ROW 11, proposedParentLinage=Duplodnaviria;Heunggongvirae;Uroviricota;Caudoviricetes;Miltonvirus, observedParentLineage=Duplodnaviria;Heunggongvirae;Uroviricota;Caudoviricetes;Ackermannviridae;Miltonvirus, otherProposals=NA
Bacterial viruses (B) proposals	2022.073B	2022.073B.N.v1.Schitoviridae_1nsf_9ng_30nsp.docx	2022.073B.N.v1.Schitoviridae_1nsf_9ng_30nsp.xlsx	29	WARNING	CREATE.PARENT_LINEAGE	Change=CREATE, proposed parent taxon exists, but not with expected lineage, using observed lineage	XLSX ROW 29, proposedParentLinage=Duplodnaviria;Heunggongvirae;Uroviricota;Caudoviricetes;Schitoviridae;Litunavirus, observedParentLineage=Duplodnaviria;Heunggongvirae;Uroviricota;Caudoviricetes;Schitoviridae;Migulavirinae;Litunavirus, otherProposals=NA
Bacterial viruses (B) proposals	2022.073B	2022.073B.N.v1.Schitoviridae_1nsf_9ng_30nsp.docx	2022.073B.N.v1.Schitoviridae_1nsf_9ng_30nsp.xlsx	30	WARNING	CREATE.PARENT_LINEAGE	Change=CREATE, proposed parent taxon exists, but not with expected lineage, using observed lineage	XLSX ROW 30, proposedParentLinage=Duplodnaviria;Heunggongvirae;Uroviricota;Caudoviricetes;Schitoviridae;Litunavirus, observedParentLineage=Duplodnaviria;Heunggongvirae;Uroviricota;Caudoviricetes;Schitoviridae;Migulavirinae;Litunavirus, otherProposals=NA
Bacterial viruses (B) proposals	2022.073B	2022.073B.N.v1.Schitoviridae_1nsf_9ng_30nsp.docx	2022.073B.N.v1.Schitoviridae_1nsf_9ng_30nsp.xlsx	31	WARNING	CREATE.PARENT_LINEAGE	Change=CREATE, proposed parent taxon exists, but not with expected lineage, using observed lineage	XLSX ROW 31, proposedParentLinage=Duplodnaviria;Heunggongvirae;Uroviricota;Caudoviricetes;Schitoviridae;Litunavirus, observedParentLineage=Duplodnaviria;Heunggongvirae;Uroviricota;Caudoviricetes;Schitoviridae;Migulavirinae;Litunavirus, otherProposals=NA
Bacterial viruses (B) proposals	2022.073B	2022.073B.N.v1.Schitoviridae_1nsf_9ng_30nsp.docx	2022.073B.N.v1.Schitoviridae_1nsf_9ng_30nsp.xlsx	32	WARNING	CREATE.PARENT_LINEAGE	Change=CREATE, proposed parent taxon exists, but not with expected lineage, using observed lineage	XLSX ROW 32, proposedParentLinage=Duplodnaviria;Heunggongvirae;Uroviricota;Caudoviricetes;Schitoviridae;Litunavirus, observedParentLineage=Duplodnaviria;Heunggongvirae;Uroviricota;Caudoviricetes;Schitoviridae;Migulavirinae;Litunavirus, otherProposals=NA
Bacterial viruses (B) proposals	2022.073B	2022.073B.N.v1.Schitoviridae_1nsf_9ng_30nsp.docx	2022.073B.N.v1.Schitoviridae_1nsf_9ng_30nsp.xlsx	33	WARNING	CREATE.PARENT_LINEAGE	Change=CREATE, proposed parent taxon exists, but not with expected lineage, using observed lineage	XLSX ROW 33, proposedParentLinage=Duplodnaviria;Heunggongvirae;Uroviricota;Caudoviricetes;Schitoviridae;Litunavirus, observedParentLineage=Duplodnaviria;Heunggongvirae;Uroviricota;Caudoviricetes;Schitoviridae;Migulavirinae;Litunavirus, otherProposals=NA
Bacterial viruses (B) proposals	2022.073B	2022.073B.N.v1.Schitoviridae_1nsf_9ng_30nsp.docx	2022.073B.N.v1.Schitoviridae_1nsf_9ng_30nsp.xlsx	34	WARNING	CREATE.PARENT_LINEAGE	Change=CREATE, proposed parent taxon exists, but not with expected lineage, using observed lineage	XLSX ROW 34, proposedParentLinage=Duplodnaviria;Heunggongvirae;Uroviricota;Caudoviricetes;Schitoviridae;Litunavirus, observedParentLineage=Duplodnaviria;Heunggongvirae;Uroviricota;Caudoviricetes;Schitoviridae;Migulavirinae;Litunavirus, otherProposals=NA
Bacterial viruses (B) proposals	2022.073B	2022.073B.N.v1.Schitoviridae_1nsf_9ng_30nsp.docx	2022.073B.N.v1.Schitoviridae_1nsf_9ng_30nsp.xlsx	38	WARNING	CREATE.PARENT_LINEAGE	Change=CREATE, proposed parent taxon exists, but not with expected lineage, using observed lineage	XLSX ROW 38, proposedParentLinage=Duplodnaviria;Heunggongvirae;Uroviricota;Caudoviricetes;Schitoviridae;Gamaleyavirus, observedParentLineage=Duplodnaviria;Heunggongvirae;Uroviricota;Caudoviricetes;Schitoviridae;Enquatrovirinae;Gamaleyavirus, otherProposals=NA
Bacterial viruses (B) proposals	2022.073B	2022.073B.N.v1.Schitoviridae_1nsf_9ng_30nsp.docx	2022.073B.N.v1.Schitoviridae_1nsf_9ng_30nsp.xlsx	39	WARNING	CREATE.PARENT_LINEAGE	Change=CREATE, proposed parent taxon exists, but not with expected lineage, using observed lineage	XLSX ROW 39, proposedParentLinage=Duplodnaviria;Heunggongvirae;Uroviricota;Caudoviricetes;Schitoviridae;Gamaleyavirus, observedParentLineage=Duplodnaviria;Heunggongvirae;Uroviricota;Caudoviricetes;Schitoviridae;Enquatrovirinae;Gamaleyavirus, otherProposals=NA
Bacterial viruses (B) proposals	2022.073B	2022.073B.N.v1.Schitoviridae_1nsf_9ng_30nsp.docx	2022.073B.N.v1.Schitoviridae_1nsf_9ng_30nsp.xlsx	40	WARNING	CREATE.PARENT_LINEAGE	Change=CREATE, proposed parent taxon exists, but not with expected lineage, using observed lineage	XLSX ROW 40, proposedParentLinage=Duplodnaviria;Heunggongvirae;Uroviricota;Caudoviricetes;Schitoviridae;Gamaleyavirus, observedParentLineage=Duplodnaviria;Heunggongvirae;Uroviricota;Caudoviricetes;Schitoviridae;Enquatrovirinae;Gamaleyavirus, otherProposals=NA
Bacterial viruses (B) proposals	2022.073B	2022.073B.N.v1.Schitoviridae_1nsf_9ng_30nsp.docx	2022.073B.N.v1.Schitoviridae_1nsf_9ng_30nsp.xlsx	41	WARNING	CREATE.PARENT_LINEAGE	Change=CREATE, proposed parent taxon exists, but not with expected lineage, using observed lineage	XLSX ROW 41, proposedParentLinage=Duplodnaviria;Heunggongvirae;Uroviricota;Caudoviricetes;Schitoviridae;Gamaleyavirus, observedParentLineage=Duplodnaviria;Heunggongvirae;Uroviricota;Caudoviricetes;Schitoviridae;Enquatrovirinae;Gamaleyavirus, otherProposals=NA
Bacterial viruses (B) proposals	2022.073B	2022.073B.N.v1.Schitoviridae_1nsf_9ng_30nsp.docx	2022.073B.N.v1.Schitoviridae_1nsf_9ng_30nsp.xlsx	42	WARNING	CREATE.PARENT_LINEAGE	Change=CREATE, proposed parent taxon exists, but not with expected lineage, using observed lineage	XLSX ROW 42, proposedParentLinage=Duplodnaviria;Heunggongvirae;Uroviricota;Caudoviricetes;Schitoviridae;Gamaleyavirus, observedParentLineage=Duplodnaviria;Heunggongvirae;Uroviricota;Caudoviricetes;Schitoviridae;Enquatrovirinae;Gamaleyavirus, otherProposals=NA
Bacterial viruses (B) proposals	2022.073B	2022.073B.N.v1.Schitoviridae_1nsf_9ng_30nsp.docx	2022.073B.N.v1.Schitoviridae_1nsf_9ng_30nsp.xlsx	43	WARNING	CREATE.PARENT_LINEAGE	Change=CREATE, proposed parent taxon exists, but not with expected lineage, using observed lineage	XLSX ROW 43, proposedParentLinage=Duplodnaviria;Heunggongvirae;Uroviricota;Caudoviricetes;Schitoviridae;Gamaleyavirus, observedParentLineage=Duplodnaviria;Heunggongvirae;Uroviricota;Caudoviricetes;Schitoviridae;Enquatrovirinae;Gamaleyavirus, otherProposals=NA
Bacterial viruses (B) proposals	2022.077B	2022.077B.N.v1.Kyanoviridae_1ng.docx	2022.077B.N.v1.Kyanoviridae_1ng.xlsx	4	ERROR	DEST.IN_CUR	Change=CREATE NEW, but 'proposed taxonomy' already exists	XLSX ROW 4, proposedTaxonomy=Shenzhenvirus; existingTaxon=MSL37:2020
Bacterial viruses (B) proposals	2022.077B	2022.077B.N.v1.Kyanoviridae_1ng.docx	2022.077B.N.v1.Kyanoviridae_1ng.xlsx	5	WARNING	CREATE.PARENT_LINEAGE	Change=CREATE, proposed parent taxon exists, but not with expected lineage, using observed lineage	XLSX ROW 5, proposedParentLinage=Duplodnaviria;Heunggongvirae;Uroviricota;Caudoviricetes;Kyanoviridae;Shenzhenvirus, observedParentLineage=Duplodnaviria;Heunggongvirae;Uroviricota;Caudoviricetes;Demerecviridae;Shenzhenvirus, otherProposals=NA
Bacterial viruses (B) proposals	2022.080B	2022.080B.N.v1.Caudoviricetes_6ng.docx	2022.080B.N.v1.Caudoviricetes_6ng.xlsx	10	ERROR	CREATE.PARENT_NO_EXIST	Change=CREATE, but parent rank taxon does not exist	XLSX ROW 10, parentTaxon=Persistencevirus, proposedTaxonomy=Duplodnaviria;Heunggongvirae;Uroviricota;Caudoviricetes;Persistencevirus;Persistancevirus persistence
Bacterial viruses (B) proposals	2022.081B	2022.081B.N.v1.Caudoviricetes_6ng_streptomyces.docx	2022.081B.N.v1.Caudoviricetes_6ng_streptomyces.xlsx	9	ERROR	DEST.IN_NEW	Change=CREATE NEW, but 'proposed taxonomy' already created in new MSL	XLSX ROW 9, proposedTaxonomy=Veewebvirus; existingTaxon=MSL38:Adnaviria;Zilligvirae;Taleaviricota;Tokiviricetes;Ligamenvirales;Lipothrixviridae;Betalipothrixvirus;Sulfolobus islandicus filamentous virus; otherProposal=NA
Bacterial viruses (B) proposals	2022.084B	2022.084B.N.v1.Stackebrandtviridae_nf_6ng_35nsp.docx	2022.084B.N.v1.Stackebrandtviridae_nf_6ng_35nsp.xlsx	7	WARNING	CREATE.PARENT_LINEAGE	Change=CREATE, proposed parent taxon exists, but not with expected lineage, using observed lineage	"XLSX ROW 7, proposedParentLinage=Duplodnaviria;Heunggongvirae;Uroviricota;Caudoviricetes;Stackebrandtviridae;Nymbaxtervirinae;Nymphadoravirus, observedParentLineage=Duplodnaviria;Heunggongvirae;Uroviricota;Caudoviricetes;Stackebrandtviridae;Nymbaxtervirinae;c(""Baxtervirus"", ""Nymphadoravirus""), otherProposals=NA"
Bacterial viruses (B) proposals	2022.084B	2022.084B.N.v1.Stackebrandtviridae_nf_6ng_35nsp.docx	2022.084B.N.v1.Stackebrandtviridae_nf_6ng_35nsp.xlsx	8	WARNING	CREATE.PARENT_LINEAGE	Change=CREATE, proposed parent taxon exists, but not with expected lineage, using observed lineage	"XLSX ROW 8, proposedParentLinage=Duplodnaviria;Heunggongvirae;Uroviricota;Caudoviricetes;Stackebrandtviridae;Nymbaxtervirinae;Nymphadoravirus, observedParentLineage=Duplodnaviria;Heunggongvirae;Uroviricota;Caudoviricetes;Stackebrandtviridae;Nymbaxtervirinae;c(""Baxtervirus"", ""Nymphadoravirus""), otherProposals=NA"
Bacterial viruses (B) proposals	2022.084B	2022.084B.N.v1.Stackebrandtviridae_nf_6ng_35nsp.docx	2022.084B.N.v1.Stackebrandtviridae_nf_6ng_35nsp.xlsx	9	WARNING	CREATE.PARENT_LINEAGE	Change=CREATE, proposed parent taxon exists, but not with expected lineage, using observed lineage	"XLSX ROW 9, proposedParentLinage=Duplodnaviria;Heunggongvirae;Uroviricota;Caudoviricetes;Stackebrandtviridae;Nymbaxtervirinae;Nymphadoravirus, observedParentLineage=Duplodnaviria;Heunggongvirae;Uroviricota;Caudoviricetes;Stackebrandtviridae;Nymbaxtervirinae;c(""Baxtervirus"", ""Nymphadoravirus""), otherProposals=NA"
Bacterial viruses (B) proposals	2022.084B	2022.084B.N.v1.Stackebrandtviridae_nf_6ng_35nsp.docx	2022.084B.N.v1.Stackebrandtviridae_nf_6ng_35nsp.xlsx	10	WARNING	CREATE.PARENT_LINEAGE	Change=CREATE, proposed parent taxon exists, but not with expected lineage, using observed lineage	"XLSX ROW 10, proposedParentLinage=Duplodnaviria;Heunggongvirae;Uroviricota;Caudoviricetes;Stackebrandtviridae;Nymbaxtervirinae;Nymphadoravirus, observedParentLineage=Duplodnaviria;Heunggongvirae;Uroviricota;Caudoviricetes;Stackebrandtviridae;Nymbaxtervirinae;c(""Baxtervirus"", ""Nymphadoravirus""), otherProposals=NA"
Bacterial viruses (B) proposals	2022.084B	2022.084B.N.v1.Stackebrandtviridae_nf_6ng_35nsp.docx	2022.084B.N.v1.Stackebrandtviridae_nf_6ng_35nsp.xlsx	11	WARNING	CREATE.PARENT_LINEAGE	Change=CREATE, proposed parent taxon exists, but not with expected lineage, using observed lineage	"XLSX ROW 11, proposedParentLinage=Duplodnaviria;Heunggongvirae;Uroviricota;Caudoviricetes;Stackebrandtviridae;Nymbaxtervirinae;Nymphadoravirus, observedParentLineage=Duplodnaviria;Heunggongvirae;Uroviricota;Caudoviricetes;Stackebrandtviridae;Nymbaxtervirinae;c(""Baxtervirus"", ""Nymphadoravirus""), otherProposals=NA"
Bacterial viruses (B) proposals	2022.084B	2022.084B.N.v1.Stackebrandtviridae_nf_6ng_35nsp.docx	2022.084B.N.v1.Stackebrandtviridae_nf_6ng_35nsp.xlsx	12	WARNING	CREATE.PARENT_LINEAGE	Change=CREATE, proposed parent taxon exists, but not with expected lineage, using observed lineage	"XLSX ROW 12, proposedParentLinage=Duplodnaviria;Heunggongvirae;Uroviricota;Caudoviricetes;Stackebrandtviridae;Nymbaxtervirinae;Nymphadoravirus, observedParentLineage=Duplodnaviria;Heunggongvirae;Uroviricota;Caudoviricetes;Stackebrandtviridae;Nymbaxtervirinae;c(""Baxtervirus"", ""Nymphadoravirus""), otherProposals=NA"
Bacterial viruses (B) proposals	2022.084B	2022.084B.N.v1.Stackebrandtviridae_nf_6ng_35nsp.docx	2022.084B.N.v1.Stackebrandtviridae_nf_6ng_35nsp.xlsx	13	WARNING	CREATE.PARENT_LINEAGE	Change=CREATE, proposed parent taxon exists, but not with expected lineage, using observed lineage	"XLSX ROW 13, proposedParentLinage=Duplodnaviria;Heunggongvirae;Uroviricota;Caudoviricetes;Stackebrandtviridae;Nymbaxtervirinae;Nymphadoravirus, observedParentLineage=Duplodnaviria;Heunggongvirae;Uroviricota;Caudoviricetes;Stackebrandtviridae;Nymbaxtervirinae;c(""Baxtervirus"", ""Nymphadoravirus""), otherProposals=NA"
Bacterial viruses (B) proposals	2022.084B	2022.084B.N.v1.Stackebrandtviridae_nf_6ng_35nsp.docx	2022.084B.N.v1.Stackebrandtviridae_nf_6ng_35nsp.xlsx	14	WARNING	CREATE.PARENT_LINEAGE	Change=CREATE, proposed parent taxon exists, but not with expected lineage, using observed lineage	"XLSX ROW 14, proposedParentLinage=Duplodnaviria;Heunggongvirae;Uroviricota;Caudoviricetes;Stackebrandtviridae;Nymbaxtervirinae;Nymphadoravirus, observedParentLineage=Duplodnaviria;Heunggongvirae;Uroviricota;Caudoviricetes;Stackebrandtviridae;Nymbaxtervirinae;c(""Baxtervirus"", ""Nymphadoravirus""), otherProposals=NA"
Bacterial viruses (B) proposals	2022.084B	2022.084B.N.v1.Stackebrandtviridae_nf_6ng_35nsp.docx	2022.084B.N.v1.Stackebrandtviridae_nf_6ng_35nsp.xlsx	15	WARNING	CREATE.PARENT_LINEAGE	Change=CREATE, proposed parent taxon exists, but not with expected lineage, using observed lineage	"XLSX ROW 15, proposedParentLinage=Duplodnaviria;Heunggongvirae;Uroviricota;Caudoviricetes;Stackebrandtviridae;Nymbaxtervirinae;Nymphadoravirus, observedParentLineage=Duplodnaviria;Heunggongvirae;Uroviricota;Caudoviricetes;Stackebrandtviridae;Nymbaxtervirinae;c(""Baxtervirus"", ""Nymphadoravirus""), otherProposals=NA"
Bacterial viruses (B) proposals	2022.084B	2022.084B.N.v1.Stackebrandtviridae_nf_6ng_35nsp.docx	2022.084B.N.v1.Stackebrandtviridae_nf_6ng_35nsp.xlsx	17	ERROR	CREATE.PARENT_NO_EXIST	Change=CREATE, but parent rank taxon does not exist	XLSX ROW 17, parentTaxon=Baxterfoxvirus, proposedTaxonomy=Duplodnaviria;Heunggongvirae;Uroviricota;Caudoviricetes;Stackebrandtviridae;Nymbaxtervirinae;Baxterfoxvirus;Baxterfoxvirus ohgeesy
Bacterial viruses (B) proposals	2022.085B	2022.085B.N.v1.Stanwilliamsviridae_nf_2nsf_4ng_6nsp.docx	2022.085B.N.v1.Stanwilliamsviridae_nf_2nsf_4ng_6nsp.xlsx	5	WARNING	MOVE.NO_SRC	Change=MOVE, but 'current taxonomy' columns are empty	XLSX ROW 5 destTaxonomy=Duplodnaviria;Heunggongvirae;Uroviricota;Caudoviricetes;Stanwilliamsviridae;Boydwoodruffvirinae; we guess you meant=Duplodnaviria;Heunggongvirae;Uroviricota;Caudoviricetes;Boydwoodruffvirinae
Bacterial viruses (B) proposals	2022.089B	2022.089B.N.v1.Caudoviricetes_3ng_vibrio.docx	2022.089B.N.v1.Caudoviricetes_3ng_vibrio.xlsx	4	ERROR	DEST.IN_NEW	Change=CREATE NEW, but 'proposed taxonomy' already created in new MSL	XLSX ROW 4, proposedTaxonomy=Seahorsevirus; existingTaxon=MSL38:Adnaviria;Zilligvirae;Taleaviricota;Tokiviricetes;Ligamenvirales;Rudiviridae; otherProposal=NA
Bacterial viruses (B) proposals	2022.089B	2022.089B.N.v1.Caudoviricetes_3ng_vibrio.docx	2022.089B.N.v1.Caudoviricetes_3ng_vibrio.xlsx	5	ERROR	DEST.IN_NEW	Change=CREATE NEW, but 'proposed taxonomy' already created in new MSL	XLSX ROW 5, proposedTaxonomy=Seahorsevirus seahorse; existingTaxon=MSL38:Adnaviria;Zilligvirae;Taleaviricota;Tokiviricetes;Ligamenvirales;Rudiviridae; otherProposal=NA
Bacterial viruses (B) proposals	2022.091B	2022.091B.N.v1.Caudoviricetes_3ng_actinophages.docx	2022.091B.N.v1.Caudoviricetes_3ng_actinophages.xlsx	4	ERROR	DEST.IN_NEW	Change=CREATE NEW, but 'proposed taxonomy' already created in new MSL	XLSX ROW 4, proposedTaxonomy=Onyinyevirus; existingTaxon=MSL38:Adnaviria;Zilligvirae;Taleaviricota;Tokiviricetes;Ligamenvirales;Rudiviridae; otherProposal=NA
Bacterial viruses (B) proposals	2022.091B	2022.091B.N.v1.Caudoviricetes_3ng_actinophages.docx	2022.091B.N.v1.Caudoviricetes_3ng_actinophages.xlsx	5	ERROR	DEST.IN_NEW	Change=CREATE NEW, but 'proposed taxonomy' already created in new MSL	XLSX ROW 5, proposedTaxonomy=Onyinyevirus onyinye; existingTaxon=MSL38:Adnaviria;Zilligvirae;Taleaviricota;Tokiviricetes;Ligamenvirales;Rudiviridae; otherProposal=NA
Fungal and protist virus (F) proposals	2022.003F	2022.003F.N.v1.Botourmiaviridae_15nsp.docx	2022.003F.N.v1.Botourmiaviridae_15nsp.xlsx	14	ERROR	DEST.IN_CUR	Change=CREATE NEW, but 'proposed taxonomy' already exists	XLSX ROW 14, proposedTaxonomy=Gammascleroulivirus; existingTaxon=MSL37:2020
Fungal and protist virus (F) proposals	2022.004F	2022.004F.N.v1.Imitervirales_reorg.docx	2022.004F.N.v1.Imitervirales_reorg.xlsx	31	ERROR	CREATE.W_SRC	Change=CREATE, but 'current taxonomy' columns are  not empty	XLSX ROW 31, currentTaxonomy=Varidnaviria;Bamfordvirae;Nucleocytoviricota;Megaviricetes;Imitervirales;Mimiviridae;Mimivirus;Acanthamoeba polyphaga mimivirus
Fungal and protist virus (F) proposals	2022.004F	2022.004F.N.v1.Imitervirales_reorg.docx	2022.004F.N.v1.Imitervirales_reorg.xlsx	32	ERROR	RENAME.WO_SRC	Change=RENAME, but 'current taxonomy' columns are empty	XLSX ROW 32, currentTaxonomy=NA, destTaxonomy=Varidnaviria;Bamfordvirae;Nucleocytoviricota;Megaviricetes;Imitervirales;Mimiviridae;Megamimivirinae;Mimivirus;Mimivirus lagoaensis
Fungal and protist virus (F) proposals	2022.004F	2022.004F.N.v1.Imitervirales_reorg.docx	2022.004F.N.v1.Imitervirales_reorg.xlsx	43	ERROR	DEST.IN_CUR	Change=CREATE NEW, but 'proposed taxonomy' already exists	XLSX ROW 43, proposedTaxonomy=Cronusvirus; existingTaxon=MSL37:2020
Fungal and protist virus (F) proposals	2022.004F	2022.004F.N.v1.Imitervirales_reorg.docx	2022.004F.N.v1.Imitervirales_reorg.xlsx	44	WARNING	CREATE.PARENT_LINEAGE	Change=CREATE, proposed parent taxon exists, but not with expected lineage, using observed lineage	XLSX ROW 44, proposedParentLinage=Varidnaviria;Bamfordvirae;Nucleocytoviricota;Megaviricetes;Imitervirales;Schizomimiviridae;Cronusvirus, observedParentLineage=Duplodnaviria;Heunggongvirae;Uroviricota;Caudoviricetes;Cronusvirus, otherProposals=NA
General (G) proposals	2022.001G	2022.001G.N.v1.GTA_viriforms.docx	2022.001G.N.v1.GTA_viriforms.xlsx	4	ERROR	CREATE.PARENT_NO_EXIST	Change=CREATE, but parent rank taxon does not exist	XLSX ROW 4, parentTaxon=NA, proposedTaxonomy=Rhodogtaviriformidae
General (G) proposals	2022.001G	2022.001G.N.v1.GTA_viriforms.docx	2022.001G.N.v1.GTA_viriforms.xlsx	5	ERROR	CREATE.PARENT_NO_EXIST	Change=CREATE, but parent rank taxon does not exist	XLSX ROW 5, parentTaxon=Rhodogtaviriformidae, proposedTaxonomy=Rhodogtaviriformidae;Dinogtaviriform
General (G) proposals	2022.001G	2022.001G.N.v1.GTA_viriforms.docx	2022.001G.N.v1.GTA_viriforms.xlsx	6	ERROR	CREATE.PARENT_NO_EXIST	Change=CREATE, but parent rank taxon does not exist	XLSX ROW 6, parentTaxon=Dinogtaviriform, proposedTaxonomy=Rhodogtaviriformidae;Dinogtaviriform;Dinogtaviriform tomaschi
General (G) proposals	2022.001G	2022.001G.N.v1.GTA_viriforms.docx	2022.001G.N.v1.GTA_viriforms.xlsx	7	ERROR	CREATE.PARENT_NO_EXIST	Change=CREATE, but parent rank taxon does not exist	XLSX ROW 7, parentTaxon=Rhodogtaviriformidae, proposedTaxonomy=Rhodogtaviriformidae;Rhodobactegtaviriform
General (G) proposals	2022.001G	2022.001G.N.v1.GTA_viriforms.docx	2022.001G.N.v1.GTA_viriforms.xlsx	8	ERROR	CREATE.PARENT_NO_EXIST	Change=CREATE, but parent rank taxon does not exist	XLSX ROW 8, parentTaxon=Rhodobactegtaviriform, proposedTaxonomy=Rhodogtaviriformidae;Rhodobactegtaviriform;Rhodobactegtaviriform marrsi
General (G) proposals	2022.001G	2022.001G.N.v1.GTA_viriforms.docx	2022.001G.N.v1.GTA_viriforms.xlsx	9	ERROR	CREATE.PARENT_NO_EXIST	Change=CREATE, but parent rank taxon does not exist	XLSX ROW 9, parentTaxon=Rhodogtaviriformidae, proposedTaxonomy=Rhodogtaviriformidae;Rhodovulugtaviriform
General (G) proposals	2022.001G	2022.001G.N.v1.GTA_viriforms.docx	2022.001G.N.v1.GTA_viriforms.xlsx	10	ERROR	CREATE.PARENT_NO_EXIST	Change=CREATE, but parent rank taxon does not exist	XLSX ROW 10, parentTaxon=Rhodovulugtaviriform, proposedTaxonomy=Rhodogtaviriformidae;Rhodovulugtaviriform;Rhodovulugtaviriform kikuchii
General (G) proposals	2022.001G	2022.001G.N.v1.GTA_viriforms.docx	2022.001G.N.v1.GTA_viriforms.xlsx	11	ERROR	CREATE.PARENT_NO_EXIST	Change=CREATE, but parent rank taxon does not exist	XLSX ROW 11, parentTaxon=Rhodogtaviriformidae, proposedTaxonomy=Rhodogtaviriformidae;Ruegerigtaviriform
General (G) proposals	2022.001G	2022.001G.N.v1.GTA_viriforms.docx	2022.001G.N.v1.GTA_viriforms.xlsx	12	ERROR	CREATE.PARENT_NO_EXIST	Change=CREATE, but parent rank taxon does not exist	XLSX ROW 12, parentTaxon=Ruegerigtaviriform, proposedTaxonomy=Rhodogtaviriformidae;Ruegerigtaviriform;Ruegerigtaviriform cheni
General (G) proposals	2022.001G	2022.001G.N.v1.GTA_viriforms.docx	2022.001G.N.v1.GTA_viriforms.xlsx	13	ERROR	CREATE.PARENT_NO_EXIST	Change=CREATE, but parent rank taxon does not exist	XLSX ROW 13, parentTaxon=NA, proposedTaxonomy=Bartogtaviriformidae
General (G) proposals	2022.001G	2022.001G.N.v1.GTA_viriforms.docx	2022.001G.N.v1.GTA_viriforms.xlsx	14	ERROR	CREATE.PARENT_NO_EXIST	Change=CREATE, but parent rank taxon does not exist	XLSX ROW 14, parentTaxon=Bartogtaviriformidae, proposedTaxonomy=Bartogtaviriformidae;Bartonegtaviriform
General (G) proposals	2022.001G	2022.001G.N.v1.GTA_viriforms.docx	2022.001G.N.v1.GTA_viriforms.xlsx	15	ERROR	CREATE.PARENT_NO_EXIST	Change=CREATE, but parent rank taxon does not exist	XLSX ROW 15, parentTaxon=Bartonegtaviriform, proposedTaxonomy=Bartogtaviriformidae;Bartonegtaviriform;Bartonegtaviriform andersoni
General (G) proposals	2022.001G	2022.001G.N.v1.GTA_viriforms.docx	2022.001G.N.v1.GTA_viriforms.xlsx	16	ERROR	CREATE.PARENT_NO_EXIST	Change=CREATE, but parent rank taxon does not exist	XLSX ROW 16, parentTaxon=NA, proposedTaxonomy=Brachygtaviriformidae
General (G) proposals	2022.001G	2022.001G.N.v1.GTA_viriforms.docx	2022.001G.N.v1.GTA_viriforms.xlsx	17	ERROR	CREATE.PARENT_NO_EXIST	Change=CREATE, but parent rank taxon does not exist	XLSX ROW 17, parentTaxon=Brachygtaviriformidae, proposedTaxonomy=Brachygtaviriformidae;Brachyspigtaviriform
General (G) proposals	2022.001G	2022.001G.N.v1.GTA_viriforms.docx	2022.001G.N.v1.GTA_viriforms.xlsx	18	ERROR	CREATE.PARENT_NO_EXIST	Change=CREATE, but parent rank taxon does not exist	XLSX ROW 18, parentTaxon=Brachyspigtaviriform, proposedTaxonomy=Brachygtaviriformidae;Brachyspigtaviriform;Brachyspigtaviriform stantoni
General (G) proposals	2022.002G	2022.002G.N.v1.Orthornavirae_4nphy_9nsp.docx	2022.002G.N.v1.Orthornavirae_4nphy_9nsp.xlsx	4	WARNING	CREATE.PARENT_LINEAGE	Change=CREATE, proposed parent taxon exists, but not with expected lineage, using observed lineage	XLSX ROW 4, proposedParentLinage=Riboviriria;Orthornavirae, observedParentLineage=Riboviria;Orthornavirae, otherProposals=NA
General (G) proposals	2022.002G	2022.002G.N.v1.Orthornavirae_4nphy_9nsp.docx	2022.002G.N.v1.Orthornavirae_4nphy_9nsp.xlsx	5	WARNING	CREATE.PARENT_LINEAGE	Change=CREATE, proposed parent taxon exists, but not with expected lineage, using observed lineage	XLSX ROW 5, proposedParentLinage=Riboviriria;Orthornavirae;Arctiviricota, observedParentLineage=Riboviriria;Orthornavirae, otherProposals=2022.002G:4
General (G) proposals	2022.002G	2022.002G.N.v1.Orthornavirae_4nphy_9nsp.docx	2022.002G.N.v1.Orthornavirae_4nphy_9nsp.xlsx	6	ERROR	CREATE.DUP_ACC	Change=CREATE, a species with this accession number already exists	XLSX ROW 6, accession=pending, existingSpecies=Riboviria;Orthornavirae;Negarnaviricota;Polyploviricotina;Ellioviricetes;Bunyavirales;Phenuiviridae;Goukovirus;Goukovirus ceraphri
General (G) proposals	2022.002G	2022.002G.N.v1.Orthornavirae_4nphy_9nsp.docx	2022.002G.N.v1.Orthornavirae_4nphy_9nsp.xlsx	7	WARNING	CREATE.PARENT_LINEAGE	Change=CREATE, proposed parent taxon exists, but not with expected lineage, using observed lineage	XLSX ROW 7, proposedParentLinage=Riboviriria;Orthornavirae, observedParentLineage=Riboviria;Orthornavirae, otherProposals=NA
General (G) proposals	2022.002G	2022.002G.N.v1.Orthornavirae_4nphy_9nsp.docx	2022.002G.N.v1.Orthornavirae_4nphy_9nsp.xlsx	8	WARNING	CREATE.PARENT_LINEAGE	Change=CREATE, proposed parent taxon exists, but not with expected lineage, using observed lineage	XLSX ROW 8, proposedParentLinage=Riboviriria;Orthornavirae;Paraxenoviricota, observedParentLineage=Riboviriria;Orthornavirae, otherProposals=2022.002G:7
General (G) proposals	2022.002G	2022.002G.N.v1.Orthornavirae_4nphy_9nsp.docx	2022.002G.N.v1.Orthornavirae_4nphy_9nsp.xlsx	9	ERROR	CREATE.DUP_ACC	Change=CREATE, a species with this accession number already exists	XLSX ROW 9, accession=pending, existingSpecies=Riboviria;Orthornavirae;Negarnaviricota;Polyploviricotina;Ellioviricetes;Bunyavirales;Phenuiviridae;Goukovirus;Goukovirus ceraphri
General (G) proposals	2022.002G	2022.002G.N.v1.Orthornavirae_4nphy_9nsp.docx	2022.002G.N.v1.Orthornavirae_4nphy_9nsp.xlsx	10	WARNING	CREATE.PARENT_LINEAGE	Change=CREATE, proposed parent taxon exists, but not with expected lineage, using observed lineage	XLSX ROW 10, proposedParentLinage=Riboviriria;Orthornavirae, observedParentLineage=Riboviria;Orthornavirae, otherProposals=NA
General (G) proposals	2022.002G	2022.002G.N.v1.Orthornavirae_4nphy_9nsp.docx	2022.002G.N.v1.Orthornavirae_4nphy_9nsp.xlsx	11	WARNING	CREATE.PARENT_LINEAGE	Change=CREATE, proposed parent taxon exists, but not with expected lineage, using observed lineage	XLSX ROW 11, proposedParentLinage=Riboviriria;Orthornavirae;Pomiviricota, observedParentLineage=Riboviriria;Orthornavirae, otherProposals=2022.002G:10
General (G) proposals	2022.002G	2022.002G.N.v1.Orthornavirae_4nphy_9nsp.docx	2022.002G.N.v1.Orthornavirae_4nphy_9nsp.xlsx	12	ERROR	CREATE.DUP_ACC	Change=CREATE, a species with this accession number already exists	XLSX ROW 12, accession=pending, existingSpecies=Riboviria;Orthornavirae;Negarnaviricota;Polyploviricotina;Ellioviricetes;Bunyavirales;Phenuiviridae;Goukovirus;Goukovirus ceraphri
General (G) proposals	2022.002G	2022.002G.N.v1.Orthornavirae_4nphy_9nsp.docx	2022.002G.N.v1.Orthornavirae_4nphy_9nsp.xlsx	13	WARNING	CREATE.PARENT_LINEAGE	Change=CREATE, proposed parent taxon exists, but not with expected lineage, using observed lineage	XLSX ROW 13, proposedParentLinage=Riboviriria;Orthornavirae, observedParentLineage=Riboviria;Orthornavirae, otherProposals=NA
General (G) proposals	2022.002G	2022.002G.N.v1.Orthornavirae_4nphy_9nsp.docx	2022.002G.N.v1.Orthornavirae_4nphy_9nsp.xlsx	14	WARNING	CREATE.PARENT_LINEAGE	Change=CREATE, proposed parent taxon exists, but not with expected lineage, using observed lineage	XLSX ROW 14, proposedParentLinage=Riboviriria;Orthornavirae;Taraviricota, observedParentLineage=Riboviriria;Orthornavirae, otherProposals=2022.002G:13
General (G) proposals	2022.002G	2022.002G.N.v1.Orthornavirae_4nphy_9nsp.docx	2022.002G.N.v1.Orthornavirae_4nphy_9nsp.xlsx	15	ERROR	CREATE.DUP_ACC	Change=CREATE, a species with this accession number already exists	XLSX ROW 15, accession=pending, existingSpecies=Riboviria;Orthornavirae;Negarnaviricota;Polyploviricotina;Ellioviricetes;Bunyavirales;Phenuiviridae;Goukovirus;Goukovirus ceraphri
General (G) proposals	2022.002G	2022.002G.N.v1.Orthornavirae_4nphy_9nsp.docx	2022.002G.N.v1.Orthornavirae_4nphy_9nsp.xlsx	16	WARNING	CREATE.PARENT_LINEAGE	Change=CREATE, proposed parent taxon exists, but not with expected lineage, using observed lineage	XLSX ROW 16, proposedParentLinage=Riboviriria;Orthornavirae;Taraviricota, observedParentLineage=Riboviriria;Orthornavirae, otherProposals=2022.002G:13
General (G) proposals	2022.002G	2022.002G.N.v1.Orthornavirae_4nphy_9nsp.docx	2022.002G.N.v1.Orthornavirae_4nphy_9nsp.xlsx	17	ERROR	CREATE.DUP_ACC	Change=CREATE, a species with this accession number already exists	XLSX ROW 17, accession=pending, existingSpecies=Riboviria;Orthornavirae;Negarnaviricota;Polyploviricotina;Ellioviricetes;Bunyavirales;Phenuiviridae;Goukovirus;Goukovirus ceraphri
General (G) proposals	2022.002G	2022.002G.N.v1.Orthornavirae_4nphy_9nsp.docx	2022.002G.N.v1.Orthornavirae_4nphy_9nsp.xlsx	18	WARNING	CREATE.PARENT_LINEAGE	Change=CREATE, proposed parent taxon exists, but not with expected lineage, using observed lineage	XLSX ROW 18, proposedParentLinage=Riboviriria;Orthornavirae;Taraviricota, observedParentLineage=Riboviriria;Orthornavirae, otherProposals=2022.002G:13
General (G) proposals	2022.002G	2022.002G.N.v1.Orthornavirae_4nphy_9nsp.docx	2022.002G.N.v1.Orthornavirae_4nphy_9nsp.xlsx	19	ERROR	CREATE.DUP_ACC	Change=CREATE, a species with this accession number already exists	XLSX ROW 19, accession=pending, existingSpecies=Riboviria;Orthornavirae;Negarnaviricota;Polyploviricotina;Ellioviricetes;Bunyavirales;Phenuiviridae;Goukovirus;Goukovirus ceraphri
General (G) proposals	2022.002G	2022.002G.N.v1.Orthornavirae_4nphy_9nsp.docx	2022.002G.N.v1.Orthornavirae_4nphy_9nsp.xlsx	20	WARNING	CREATE.PARENT_LINEAGE	Change=CREATE, proposed parent taxon exists, but not with expected lineage, using observed lineage	XLSX ROW 20, proposedParentLinage=Riboviriria;Orthornavirae;Taraviricota, observedParentLineage=Riboviriria;Orthornavirae, otherProposals=2022.002G:13
General (G) proposals	2022.002G	2022.002G.N.v1.Orthornavirae_4nphy_9nsp.docx	2022.002G.N.v1.Orthornavirae_4nphy_9nsp.xlsx	21	ERROR	CREATE.DUP_ACC	Change=CREATE, a species with this accession number already exists	XLSX ROW 21, accession=pending, existingSpecies=Riboviria;Orthornavirae;Negarnaviricota;Polyploviricotina;Ellioviricetes;Bunyavirales;Phenuiviridae;Goukovirus;Goukovirus ceraphri
General (G) proposals	2022.002G	2022.002G.N.v1.Orthornavirae_4nphy_9nsp.docx	2022.002G.N.v1.Orthornavirae_4nphy_9nsp.xlsx	22	WARNING	CREATE.PARENT_LINEAGE	Change=CREATE, proposed parent taxon exists, but not with expected lineage, using observed lineage	XLSX ROW 22, proposedParentLinage=Riboviriria;Orthornavirae;Pomiviricota, observedParentLineage=Riboviriria;Orthornavirae, otherProposals=2022.002G:10
General (G) proposals	2022.002G	2022.002G.N.v1.Orthornavirae_4nphy_9nsp.docx	2022.002G.N.v1.Orthornavirae_4nphy_9nsp.xlsx	23	ERROR	CREATE.DUP_ACC	Change=CREATE, a species with this accession number already exists	XLSX ROW 23, accession=pending, existingSpecies=Riboviria;Orthornavirae;Negarnaviricota;Polyploviricotina;Ellioviricetes;Bunyavirales;Phenuiviridae;Goukovirus;Goukovirus ceraphri
General (G) proposals	2022.002G	2022.002G.N.v1.Orthornavirae_4nphy_9nsp.docx	2022.002G.N.v1.Orthornavirae_4nphy_9nsp.xlsx	24	WARNING	CREATE.PARENT_LINEAGE	Change=CREATE, proposed parent taxon exists, but not with expected lineage, using observed lineage	XLSX ROW 24, proposedParentLinage=Riboviriria;Orthornavirae;Taraviricota, observedParentLineage=Riboviriria;Orthornavirae, otherProposals=2022.002G:13
General (G) proposals	2022.002G	2022.002G.N.v1.Orthornavirae_4nphy_9nsp.docx	2022.002G.N.v1.Orthornavirae_4nphy_9nsp.xlsx	25	ERROR	CREATE.DUP_ACC	Change=CREATE, a species with this accession number already exists	XLSX ROW 25, accession=pending, existingSpecies=Riboviria;Orthornavirae;Negarnaviricota;Polyploviricotina;Ellioviricetes;Bunyavirales;Phenuiviridae;Goukovirus;Goukovirus ceraphri
Plant virus (P) proposals	2022.001P	2022.001P.N.v1.Betaflexiviridae_12ns.docx	2022.001P.N.v1.Betaflexiviridae_12ns.xlsx	13	WARNING	CREATE.PARENT_LINEAGE	Change=CREATE, proposed parent taxon exists, but not with expected lineage, using observed lineage	XLSX ROW 13, proposedParentLinage=Riboviria;Orthornavirae;Kitrinoviricota;Alsuviricetes;Tymovirales;Betaflexiviridae;Quinvirinae;Chordovirus, observedParentLineage=Riboviria;Orthornavirae;Kitrinoviricota;Alsuviricetes;Tymovirales;Betaflexiviridae;Trivirinae;Chordovirus, otherProposals=NA
Plant virus (P) proposals	2022.001P	2022.001P.N.v1.Betaflexiviridae_12ns.docx	2022.001P.N.v1.Betaflexiviridae_12ns.xlsx	14	WARNING	CREATE.PARENT_LINEAGE	Change=CREATE, proposed parent taxon exists, but not with expected lineage, using observed lineage	XLSX ROW 14, proposedParentLinage=Riboviria;Orthornavirae;Kitrinoviricota;Alsuviricetes;Tymovirales;Betaflexiviridae;Quinvirinae;Chordovirus, observedParentLineage=Riboviria;Orthornavirae;Kitrinoviricota;Alsuviricetes;Tymovirales;Betaflexiviridae;Trivirinae;Chordovirus, otherProposals=NA
Plant virus (P) proposals	2022.008P	2022.008P.N.v1.Caulimoviridae_rename.docx	2022.008P.N.v1.Caulimoviridae_rename.xlsx	5	ERROR	DEST.IN_CUR	Change=RENAME, but 'proposed taxonomy' already exists	XLSX ROW 5, proposedTaxonomy=Badnavirus aucubae; existingTaxon=MSL37:2020
Plant virus (P) proposals	2022.008P	2022.008P.N.v1.Caulimoviridae_rename.docx	2022.008P.N.v1.Caulimoviridae_rename.xlsx	31	ERROR	DEST.IN_CUR	Change=RENAME, but 'proposed taxonomy' already exists	XLSX ROW 31, proposedTaxonomy=Badnavirus castaneae; existingTaxon=MSL37:2020
Plant virus (P) proposals	2022.012P	2022.012P.N.v1.Tymoviridae_3nsp.docx	2022.012P.N.v1.Tymoviridae_3nsp.xlsx	6	ERROR	CREATE.DUP_ACC	Change=CREATE, a species with this accession number already exists	XLSX ROW 6, accession=MH784952, existingSpecies=Riboviria;Orthornavirae;Kitrinoviricota;Alsuviricetes;Tymovirales;Tymoviridae;Marafivirus;Marafivirus sorghi
Plant virus (P) proposals	2022.017P	2022.017P.N.v1.Kitaviridae_rename.docx	2022.017P.N.v1.Kitaviridae_rename.xlsx	6	ERROR	RENAME.NO_EXIST	Change=RENAME, but taxon does not exist	XLSX ROW 6, taxon=Passionfruit green spot virus, lineage=Riboviria;Orthornavirae;Kitrinoviricota;Alsuviricetes;Martellivirales;Kitaviridae;Cilevirus;Passionfruit green spot virus, proposedTaxon=Cilevirus passiflorae
